,Player,Serve Rating,% 1st Serve,% 1st Serve Points Won,% 2st Serve Points Won,% Service Games Won,Avg. Aces/ Match,Avg. Double Faults/Match,Year,Board_Type,Return Rating,% 1st Serve Return Points Won,% 2nd Serve Return Points Won,% Return Games Won,% Break Points Converted
1,Alexander Zverev,300.3,71.2%,76.8%,54.8%,90.2%,9.5,2.2,2024,serve,,,,,
2,Giovanni Mpetshi Perricard,299.5,64.7%,79.7%,52.8%,88.8%,19.0,5.5,2024,serve,,,,,
3,Matteo Berrettini,296.2,68.2%,77.6%,52.7%,89.8%,9.4,1.5,2024,serve,,,,,
4,Hubert Hurkacz,295.8,63.2%,77.7%,54.5%,88.7%,13.4,1.7,2024,serve,,,,,
5,Jannik Sinner,295.6,61.4%,79.4%,57.9%,91.4%,7.4,1.9,2024,serve,,,,,
6,Ben Shelton,294.0,68.7%,76.0%,54.1%,89.1%,9.5,3.4,2024,serve,,,,,
7,Taylor Fritz,293.0,62.3%,78.4%,55.2%,88.3%,10.5,1.7,2024,serve,,,,,
8,Brandon Nakashima,291.3,66.0%,74.4%,55.7%,87.7%,8.6,1.1,2024,serve,,,,,
9,Grigor Dimitrov,285.0,61.1%,79.9%,52.2%,87.2%,8.3,3.7,2024,serve,,,,,
10,Novak Djokovic,284.4,63.7%,75.4%,55.1%,85.7%,7.1,2.6,2024,serve,,,,,
11,Andrey Rublev,284.4,61.7%,76.6%,53.6%,86.7%,8.4,2.6,2024,serve,,,,,
12,Carlos Alcaraz,283.8,65.3%,73.0%,57.4%,85.5%,4.7,2.1,2024,serve,,,,,
13,Ugo Humbert,282.8,63.7%,73.0%,55.4%,85.7%,7.0,2.0,2024,serve,,,,,
14,Lorenzo Sonego,281.1,67.4%,73.6%,51.6%,83.9%,6.5,1.9,2024,serve,,,,,
15,Alexei Popyrin,280.8,63.9%,75.0%,50.5%,84.4%,10.2,3.2,2024,serve,,,,,
16,Casper Ruud,279.9,65.4%,72.9%,53.9%,83.9%,5.9,2.1,2024,serve,,,,,
17,Stefanos Tsitsipas,279.9,60.6%,74.6%,54.5%,86.3%,6.9,3.0,2024,serve,,,,,
18,Karen Khachanov,279.6,64.3%,74.3%,52.3%,82.9%,7.5,1.7,2024,serve,,,,,
19,Jiri Lehecka,279.5,61.1%,76.1%,52.1%,84.7%,8.1,2.6,2024,serve,,,,,
20,Tallon Griekspoor,279.4,63.2%,74.4%,52.7%,83.8%,9.0,3.7,2024,serve,,,,,
21,Arthur Rinderknech,279.4,62.5%,76.4%,49.3%,82.9%,11.0,2.7,2024,serve,,,,,
22,Holger Rune,277.9,60.2%,74.0%,55.2%,84.7%,6.7,2.9,2024,serve,,,,,
23,Jack Draper,276.8,58.7%,78.2%,50.5%,84.2%,8.5,3.3,2024,serve,,,,,
24,Frances Tiafoe,276.6,58.3%,75.1%,53.1%,84.1%,8.5,2.5,2024,serve,,,,,
25,Nicolas Jarry,276.5,63.4%,74.5%,49.9%,82.2%,8.9,2.4,2024,serve,,,,,
26,Zhizhen Zhang,276.4,62.9%,73.2%,51.9%,82.6%,7.8,2.0,2024,serve,,,,,
27,Alejandro Tabilo,276.2,64.0%,74.8%,49.1%,83.5%,7.3,2.5,2024,serve,,,,,
28,Jan-Lennard Struff,276.0,58.0%,77.2%,51.0%,84.2%,10.0,4.4,2024,serve,,,,,
29,Felix Auger-Aliassime,275.7,62.3%,74.8%,51.0%,83.7%,8.2,4.3,2024,serve,,,,,
30,Sebastian Korda,275.4,60.3%,74.4%,52.5%,82.3%,7.6,1.7,2024,serve,,,,,
31,Tomas Martin Etcheverry,274.5,65.2%,72.4%,49.9%,81.9%,6.8,1.7,2024,serve,,,,,
32,Cameron Norrie,273.6,64.3%,72.6%,51.6%,82.0%,5.4,2.3,2024,serve,,,,,
33,Denis Shapovalov,273.5,59.5%,77.4%,49.7%,85.3%,7.9,6.3,2024,serve,,,,,
34,Tommy Paul,273.3,61.0%,71.6%,54.9%,81.9%,5.7,1.8,2024,serve,,,,,
35,Aleksandar Kovacevic,273.2,59.1%,75.9%,49.0%,82.5%,10.3,3.6,2024,serve,,,,,
36,Gael Monfils,272.5,60.1%,74.3%,51.3%,82.0%,9.0,4.2,2024,serve,,,,,
37,Jordan Thompson,272.1,60.0%,72.5%,53.3%,80.8%,6.7,1.2,2024,serve,,,,,
38,Arthur Fils,270.5,60.9%,75.1%,49.6%,82.0%,6.3,3.4,2024,serve,,,,,
39,Lorenzo Musetti,270.4,64.9%,70.6%,53.2%,79.7%,3.8,1.8,2024,serve,,,,,
40,Alex Michelsen,270.1,67.8%,69.5%,51.0%,79.5%,4.7,2.4,2024,serve,,,,,
41,Borna Coric,270.0,61.3%,72.1%,51.5%,80.7%,6.7,2.3,2024,serve,,,,,
42,Aleksandar Vukic,269.7,59.4%,73.7%,50.0%,79.4%,9.0,1.8,2024,serve,,,,,
43,Marcos Giron,269.5,60.3%,73.1%,51.2%,81.2%,5.1,1.4,2024,serve,,,,,
44,Christopher O'Connell,268.9,59.1%,73.7%,49.4%,81.2%,7.5,2.0,2024,serve,,,,,
45,Alejandro Davidovich Fokina,268.6,67.3%,68.0%,52.1%,78.6%,5.2,2.6,2024,serve,,,,,
46,Dusan Lajovic,268.4,70.3%,67.8%,50.2%,78.7%,2.5,1.1,2024,serve,,,,,
47,Yannick Hanfmann,267.8,67.2%,68.0%,51.8%,77.9%,4.8,1.9,2024,serve,,,,,
48,Roberto Bautista Agut,267.7,68.0%,67.6%,52.9%,78.8%,2.5,2.1,2024,serve,,,,,
49,Jakub Mensik,267.5,59.0%,74.5%,46.9%,80.5%,10.7,4.1,2024,serve,,,,,
50,Juncheng Shang,267.5,61.6%,70.7%,53.2%,79.9%,4.6,2.5,2024,serve,,,,,
1,Alex de Minaur,,,,,,,,2024,return,165.6,33.0%,55.9%,31.6%,45.1%
2,Carlos Alcaraz,,,,,,,,2024,return,162.2,34.4%,54.3%,30.8%,42.7%
3,Jannik Sinner,,,,,,,,2024,return,158.4,31.7%,56.1%,28.3%,42.3%
4,Novak Djokovic,,,,,,,,2024,return,157.7,32.6%,54.7%,29.0%,41.4%
5,Tommy Paul,,,,,,,,2024,return,157.2,33.8%,52.2%,28.6%,42.6%
6,Mariano Navone,,,,,,,,2024,return,156.9,33.4%,51.9%,28.5%,43.1%
7,Daniil Medvedev,,,,,,,,2024,return,156.5,32.2%,52.8%,27.5%,44.0%
8,Sebastian Baez,,,,,,,,2024,return,152.6,33.2%,51.1%,27.4%,40.9%
9,Jaume Munar,,,,,,,,2024,return,151.1,34.5%,51.6%,27.3%,37.7%
10,Jack Draper,,,,,,,,2024,return,149.3,29.7%,51.0%,24.8%,43.8%
11,Facundo Diaz Acosta,,,,,,,,2024,return,147.7,31.7%,50.9%,25.1%,40.0%
12,Tomas Machac,,,,,,,,2024,return,147.5,29.4%,51.5%,24.3%,42.3%
13,David Goffin,,,,,,,,2024,return,147.4,30.7%,51.1%,26.2%,39.4%
14,Francisco Cerundolo,,,,,,,,2024,return,147.2,31.3%,49.8%,24.1%,42.0%
15,Pedro Martinez,,,,,,,,2024,return,144.5,29.1%,52.7%,23.2%,39.5%
16,Matteo Arnaldi,,,,,,,,2024,return,144.3,31.4%,48.3%,23.8%,40.8%
17,Alexandre Muller,,,,,,,,2024,return,144.1,27.4%,53.4%,23.7%,39.6%
18,Casper Ruud,,,,,,,,2024,return,143.7,29.6%,50.3%,23.8%,40.0%
19,Alex Michelsen,,,,,,,,2024,return,142.4,28.6%,50.2%,22.5%,41.1%
20,Roberto Bautista Agut,,,,,,,,2024,return,142.2,27.0%,53.1%,21.0%,41.1%
21,Dusan Lajovic,,,,,,,,2024,return,142.1,29.2%,50.0%,22.7%,40.2%
22,Alejandro Davidovich Fokina,,,,,,,,2024,return,141.4,29.1%,50.3%,22.6%,39.4%
23,Fabian Marozsan,,,,,,,,2024,return,141.3,27.5%,51.4%,21.4%,41.0%
24,Nuno Borges,,,,,,,,2024,return,141.1,28.7%,52.6%,21.3%,38.5%
25,Sebastian Korda,,,,,,,,2024,return,140.9,28.3%,52.1%,22.2%,38.3%
26,Karen Khachanov,,,,,,,,2024,return,140.9,27.5%,51.9%,21.7%,39.8%
27,Alexander Zverev,,,,,,,,2024,return,140.3,29.5%,51.4%,22.3%,37.1%
28,Cameron Norrie,,,,,,,,2024,return,140.2,28.9%,49.6%,21.9%,39.8%
29,Luciano Darderi,,,,,,,,2024,return,139.6,28.4%,50.7%,21.4%,39.1%
30,Alexander Shevchenko,,,,,,,,2024,return,139.0,28.4%,50.5%,19.9%,40.2%
31,Grigor Dimitrov,,,,,,,,2024,return,138.9,28.8%,51.1%,21.6%,37.4%
32,Felix Auger-Aliassime,,,,,,,,2024,return,138.8,30.6%,47.1%,20.2%,40.9%
33,Flavio Cobolli,,,,,,,,2024,return,138.6,27.0%,50.3%,21.3%,40.0%
34,Tomas Martin Etcheverry,,,,,,,,2024,return,138.4,27.9%,50.9%,21.9%,37.7%
35,Lorenzo Musetti,,,,,,,,2024,return,138.4,28.5%,51.5%,21.5%,36.9%
36,Ugo Humbert,,,,,,,,2024,return,138.3,28.7%,50.1%,21.8%,37.7%
37,Arthur Fils,,,,,,,,2024,return,138.0,29.4%,48.4%,20.3%,39.9%
38,Jakub Mensik,,,,,,,,2024,return,138.0,27.2%,50.5%,20.1%,40.2%
39,Stefanos Tsitsipas,,,,,,,,2024,return,137.9,27.9%,47.8%,21.5%,40.7%
40,Botic van de Zandschulp,,,,,,,,2024,return,137.9,28.9%,50.5%,21.2%,37.3%
41,Roberto Carballes Baena,,,,,,,,2024,return,137.5,29.9%,50.7%,21.2%,35.7%
42,Pavel Kotov,,,,,,,,2024,return,137.3,27.6%,48.4%,20.2%,41.1%
43,Andrey Rublev,,,,,,,,2024,return,136.0,28.2%,51.9%,20.4%,35.5%
44,Alejandro Tabilo,,,,,,,,2024,return,136.0,26.7%,50.7%,19.4%,39.2%
45,Taylor Fritz,,,,,,,,2024,return,135.6,27.5%,49.6%,20.0%,38.5%
46,Sebastian Ofner,,,,,,,,2024,return,135.3,27.7%,47.1%,18.3%,42.2%
47,Miomir Kecmanovic,,,,,,,,2024,return,135.1,27.0%,51.0%,19.8%,37.3%
48,Alexander Bublik,,,,,,,,2024,return,134.9,29.4%,46.2%,19.5%,39.8%
49,Thiago Seyboth Wild,,,,,,,,2024,return,134.2,26.9%,47.0%,18.3%,42.0%
50,Yoshihito Nishioka,,,,,,,,2024,return,134.0,25.2%,50.0%,19.5%,39.3%
1,Hubert Hurkacz,295.2,63.9%,79.6%,50.4%,88.0%,15.3,2.0,2023,serve,,,,,
2,Matteo Berrettini,292.4,65.0%,79.2%,51.0%,89.5%,9.4,1.7,2023,serve,,,,,
3,Novak Djokovic,291.8,64.0%,77.1%,57.3%,89.1%,7.2,2.9,2023,serve,,,,,
4,Stefanos Tsitsipas,291.3,63.9%,78.2%,55.1%,88.6%,7.7,2.2,2023,serve,,,,,
5,Nicolas Jarry,290.6,65.1%,76.8%,53.9%,87.8%,9.1,2.1,2023,serve,,,,,
6,Christopher Eubanks,289.7,68.8%,73.9%,52.4%,85.6%,12.1,3.1,2023,serve,,,,,
7,Quentin Halys,288.5,59.2%,79.9%,51.7%,88.1%,13.5,3.9,2023,serve,,,,,
8,Thanasi Kokkinakis,287.6,63.8%,76.2%,51.4%,87.1%,11.7,2.6,2023,serve,,,,,
9,Taylor Fritz,286.4,59.3%,78.6%,54.7%,86.7%,9.4,2.3,2023,serve,,,,,
10,Alexander Zverev,283.0,70.5%,73.9%,49.2%,84.4%,7.9,2.9,2023,serve,,,,,
11,Jannik Sinner,282.9,59.7%,75.8%,55.9%,87.1%,6.2,1.8,2023,serve,,,,,
12,Tallon Griekspoor,282.8,63.2%,76.5%,51.5%,86.2%,8.8,3.4,2023,serve,,,,,
13,Giovanni Mpetshi Perricard,281.9,63.2%,76.2%,50.3%,84.0%,13.6,5.4,2023,serve,,,,,
14,Ben Shelton,281.9,63.9%,76.0%,51.5%,84.5%,10.5,4.5,2023,serve,,,,,
15,Carlos Alcaraz,281.3,65.8%,72.1%,56.2%,85.2%,4.2,2.2,2023,serve,,,,,
16,Sebastian Korda,281.2,62.3%,74.3%,53.8%,84.1%,9.1,2.4,2023,serve,,,,,
17,Frances Tiafoe,281.2,59.7%,76.6%,53.2%,85.7%,8.2,2.2,2023,serve,,,,,
18,Jordan Thompson,280.4,59.5%,74.5%,55.5%,83.8%,8.3,1.2,2023,serve,,,,,
19,Karen Khachanov,279.8,63.5%,74.0%,53.2%,84.0%,7.0,1.9,2023,serve,,,,,
20,Alexei Popyrin,279.8,61.6%,76.5%,49.7%,84.4%,10.6,3.0,2023,serve,,,,,
21,Brandon Nakashima,279.0,65.1%,74.8%,50.8%,83.5%,6.9,2.1,2023,serve,,,,,
22,Andrey Rublev,277.7,61.5%,75.3%,51.2%,84.0%,7.7,2.0,2023,serve,,,,,
23,Lorenzo Sonego,277.2,65.9%,72.7%,52.4%,82.7%,5.5,2.0,2023,serve,,,,,
24,Grigor Dimitrov,276.6,61.1%,76.6%,51.0%,83.9%,7.4,3.4,2023,serve,,,,,
25,Alex Michelsen,276.4,67.9%,69.7%,54.3%,81.3%,5.2,2.0,2023,serve,,,,,
26,Jack Draper,276.1,59.8%,75.9%,50.3%,84.8%,7.9,2.6,2023,serve,,,,,
27,Felix Auger-Aliassime,276.0,60.2%,78.1%,49.1%,84.4%,9.0,4.8,2023,serve,,,,,
28,Daniil Medvedev,275.9,64.1%,75.4%,48.9%,84.5%,7.1,4.1,2023,serve,,,,,
29,Stan Wawrinka,275.6,56.2%,76.2%,53.8%,83.4%,7.9,1.9,2023,serve,,,,,
30,Arthur Rinderknech,275.1,62.2%,75.9%,48.4%,82.8%,8.9,3.1,2023,serve,,,,,
31,Tomas Martin Etcheverry,274.0,63.8%,71.4%,52.8%,81.4%,6.3,1.7,2023,serve,,,,,
32,Casper Ruud,274.0,63.3%,71.4%,53.7%,83.1%,5.3,2.8,2023,serve,,,,,
33,Jan-Lennard Struff,273.3,58.9%,75.1%,50.4%,82.8%,9.7,3.6,2023,serve,,,,,
34,Tommy Paul,273.2,62.3%,72.2%,52.9%,81.5%,6.6,2.3,2023,serve,,,,,
35,Roberto Bautista Agut,272.8,66.2%,69.3%,55.1%,80.1%,3.9,1.8,2023,serve,,,,,
36,Roman Safiullin,272.5,63.6%,73.2%,51.8%,81.5%,5.9,3.5,2023,serve,,,,,
37,Zhizhen Zhang,272.2,63.8%,72.2%,51.2%,80.5%,6.7,2.2,2023,serve,,,,,
38,Marcos Giron,272.0,62.2%,73.1%,51.6%,81.1%,5.4,1.4,2023,serve,,,,,
39,Jiri Lehecka,271.8,64.7%,71.8%,51.5%,80.8%,5.3,2.3,2023,serve,,,,,
40,Holger Rune,271.7,61.9%,72.4%,52.9%,83.0%,5.5,4.0,2023,serve,,,,,
41,Benjamin Bonzi,271.1,61.6%,72.5%,51.4%,80.7%,7.3,2.4,2023,serve,,,,,
42,Ugo Humbert,270.9,60.3%,74.2%,51.0%,81.4%,6.7,2.7,2023,serve,,,,,
43,Yannick Hanfmann,270.7,67.4%,67.5%,53.7%,78.7%,5.0,1.6,2023,serve,,,,,
44,Cameron Norrie,270.6,64.6%,70.3%,52.9%,80.2%,4.9,2.3,2023,serve,,,,,
45,Dominic Thiem,270.4,60.9%,72.0%,52.9%,82.1%,5.4,2.9,2023,serve,,,,,
46,Gregoire Barrere,270.3,61.0%,70.6%,54.8%,81.5%,4.6,2.2,2023,serve,,,,,
47,Christopher O'Connell,269.9,62.2%,73.2%,49.2%,80.3%,6.9,1.9,2023,serve,,,,,
48,Laslo Djere,269.8,60.9%,71.9%,52.3%,81.4%,6.1,2.8,2023,serve,,,,,
49,Arthur Fils,269.6,61.1%,74.0%,49.6%,81.8%,6.3,3.2,2023,serve,,,,,
50,Alexander Bublik,269.5,59.3%,78.9%,45.7%,81.9%,11.3,7.6,2023,serve,,,,,
1,Daniil Medvedev,,,,,,,,2023,return,163.3,33.0%,54.2%,30.1%,46.0%
2,Novak Djokovic,,,,,,,,2023,return,159.3,33.2%,54.8%,29.2%,42.1%
3,Carlos Alcaraz,,,,,,,,2023,return,159.0,34.6%,53.9%,30.7%,39.8%
4,Alex de Minaur,,,,,,,,2023,return,157.1,33.3%,52.1%,28.6%,43.1%
5,Jannik Sinner,,,,,,,,2023,return,156.5,32.0%,54.4%,28.2%,41.9%
6,Jack Draper,,,,,,,,2023,return,154.7,30.1%,52.5%,27.5%,44.6%
7,Alejandro Davidovich Fokina,,,,,,,,2023,return,154.6,30.8%,52.9%,26.3%,44.6%
8,Adrian Mannarino,,,,,,,,2023,return,154.3,29.3%,52.1%,25.6%,47.3%
9,Lorenzo Musetti,,,,,,,,2023,return,152.5,31.9%,51.4%,26.2%,43.0%
10,Bernabe Zapata Miralles,,,,,,,,2023,return,152.2,32.6%,50.8%,27.2%,41.6%
11,Francisco Cerundolo,,,,,,,,2023,return,151.6,33.0%,51.2%,27.8%,39.6%
12,Sebastian Baez,,,,,,,,2023,return,151.3,31.4%,52.5%,26.6%,40.8%
13,Mackenzie McDonald,,,,,,,,2023,return,149.5,29.2%,53.5%,23.8%,43.0%
14,Jaume Munar,,,,,,,,2023,return,149.4,32.8%,49.0%,25.7%,41.9%
15,Pedro Martinez,,,,,,,,2023,return,147.5,29.1%,50.4%,24.0%,44.0%
16,Cameron Norrie,,,,,,,,2023,return,147.0,30.9%,51.0%,25.2%,39.9%
17,Taylor Fritz,,,,,,,,2023,return,146.2,28.4%,53.0%,22.7%,42.1%
18,Andrey Rublev,,,,,,,,2023,return,146.1,29.8%,52.7%,24.6%,39.0%
19,Grigor Dimitrov,,,,,,,,2023,return,146.0,30.0%,51.3%,24.1%,40.6%
20,Karen Khachanov,,,,,,,,2023,return,146.0,30.3%,51.3%,23.5%,40.9%
21,Juan Pablo Varillas,,,,,,,,2023,return,145.4,29.7%,52.1%,22.4%,41.2%
22,Roman Safiullin,,,,,,,,2023,return,145.3,28.6%,50.5%,21.8%,44.4%
23,Dusan Lajovic,,,,,,,,2023,return,144.7,29.9%,50.4%,22.3%,42.1%
24,Diego Schwartzman,,,,,,,,2023,return,144.7,30.3%,49.6%,23.4%,41.4%
25,Marton Fucsovics,,,,,,,,2023,return,144.6,30.3%,50.3%,22.0%,42.0%
26,Flavio Cobolli,,,,,,,,2023,return,144.1,32.3%,47.2%,23.9%,40.7%
27,Albert Ramos-Vinolas,,,,,,,,2023,return,144.0,29.3%,50.2%,22.4%,42.1%
28,Tommy Paul,,,,,,,,2023,return,143.0,30.2%,51.3%,24.1%,37.4%
29,Casper Ruud,,,,,,,,2023,return,142.9,30.2%,50.8%,23.3%,38.6%
30,Roberto Carballes Baena,,,,,,,,2023,return,142.0,27.6%,51.1%,22.0%,41.3%
31,Gael Monfils,,,,,,,,2023,return,142.0,30.8%,47.5%,24.1%,39.6%
32,Cristian Garin,,,,,,,,2023,return,141.1,29.7%,49.8%,22.9%,38.7%
33,Miomir Kecmanovic,,,,,,,,2023,return,140.7,27.8%,51.1%,21.7%,40.1%
34,Emil Ruusuvuori,,,,,,,,2023,return,140.7,28.2%,50.4%,21.2%,40.9%
35,Matteo Arnaldi,,,,,,,,2023,return,140.3,27.4%,51.3%,19.9%,41.7%
36,Alex Molcan,,,,,,,,2023,return,140.3,28.2%,49.7%,21.8%,40.6%
37,Alexander Zverev,,,,,,,,2023,return,140.1,28.9%,51.8%,23.0%,36.4%
38,Botic van de Zandschulp,,,,,,,,2023,return,139.8,31.4%,50.0%,22.6%,35.8%
39,Denis Shapovalov,,,,,,,,2023,return,139.6,29.5%,48.3%,21.1%,40.7%
40,Frances Tiafoe,,,,,,,,2023,return,139.5,27.4%,51.2%,22.2%,38.7%
41,Alexander Shevchenko,,,,,,,,2023,return,139.3,27.4%,49.2%,21.4%,41.3%
42,Richard Gasquet,,,,,,,,2023,return,139.2,27.2%,49.8%,19.6%,42.6%
43,Yannick Hanfmann,,,,,,,,2023,return,138.8,31.4%,49.5%,21.6%,36.3%
44,Holger Rune,,,,,,,,2023,return,138.8,28.8%,49.3%,21.4%,39.3%
45,J.J. Wolf,,,,,,,,2023,return,138.7,27.7%,48.9%,20.1%,42.0%
46,Alexandre Muller,,,,,,,,2023,return,138.3,29.7%,47.9%,19.4%,41.3%
47,Tomas Martin Etcheverry,,,,,,,,2023,return,137.9,30.0%,50.0%,21.7%,36.2%
48,Yoshihito Nishioka,,,,,,,,2023,return,137.9,26.3%,51.6%,21.3%,38.7%
49,Sebastian Korda,,,,,,,,2023,return,137.7,25.9%,51.3%,19.8%,40.7%
50,Ugo Humbert,,,,,,,,2023,return,137.5,28.9%,50.3%,22.3%,36.0%
1,John Isner,314.0,68.4%,80.7%,53.5%,91.7%,22.4,2.7,2022,serve,,,,,
2,Nick Kyrgios,308.1,68.0%,78.8%,55.9%,92.9%,15.9,3.4,2022,serve,,,,,
3,Reilly Opelka,307.1,65.2%,79.5%,57.8%,90.8%,15.9,2.1,2022,serve,,,,,
4,Hubert Hurkacz,299.1,63.4%,78.2%,55.3%,90.5%,13.3,1.6,2022,serve,,,,,
5,Matteo Berrettini,292.0,64.0%,78.3%,51.6%,87.8%,12.4,2.1,2022,serve,,,,,
6,Nicolas Jarry,291.8,64.5%,81.2%,49.0%,87.0%,12.4,2.3,2022,serve,,,,,
7,Novak Djokovic,290.7,65.6%,77.2%,56.2%,87.7%,5.9,1.9,2022,serve,,,,,
8,Maxime Cressy,289.3,61.6%,78.3%,54.4%,88.8%,14.5,8.3,2022,serve,,,,,
9,Ben Shelton,286.6,58.6%,79.0%,54.3%,89.5%,10.0,4.8,2022,serve,,,,,
10,Stefanos Tsitsipas,286.6,63.1%,76.5%,55.2%,86.3%,7.6,2.1,2022,serve,,,,,
11,Felix Auger-Aliassime,286.1,64.7%,77.1%,50.4%,86.3%,11.0,3.4,2022,serve,,,,,
12,Casper Ruud,284.1,65.3%,74.8%,54.9%,85.3%,5.9,2.1,2022,serve,,,,,
13,Taylor Fritz,283.1,61.9%,76.2%,52.6%,84.2%,10.4,2.2,2022,serve,,,,,
14,Daniil Medvedev,283.1,64.0%,76.5%,51.0%,86.4%,9.2,4.0,2022,serve,,,,,
15,Brandon Nakashima,283.0,64.5%,74.9%,53.4%,84.4%,7.4,1.6,2022,serve,,,,,
16,Marin Cilic,282.5,58.8%,78.4%,51.5%,85.7%,11.5,3.4,2022,serve,,,,,
17,Arthur Rinderknech,281.2,65.7%,74.9%,48.7%,84.1%,9.6,1.8,2022,serve,,,,,
18,Thiago Monteiro,281.0,66.2%,72.7%,54.5%,82.5%,6.5,1.4,2022,serve,,,,,
19,Alexander Zverev,280.5,70.2%,74.6%,47.9%,84.1%,7.4,3.7,2022,serve,,,,,
20,Andrey Rublev,280.1,61.7%,76.5%,51.3%,84.8%,7.9,2.1,2022,serve,,,,,
21,Denis Shapovalov,279.2,61.7%,76.6%,52.8%,85.1%,8.7,5.7,2022,serve,,,,,
22,Nuno Borges,279.1,64.5%,70.4%,57.4%,84.4%,5.2,2.8,2022,serve,,,,,
23,Carlos Alcaraz,278.7,65.7%,71.9%,55.4%,84.4%,3.9,2.6,2022,serve,,,,,
24,Pablo Carreno Busta,278.5,66.5%,70.5%,56.5%,82.8%,4.0,1.8,2022,serve,,,,,
25,Rafael Nadal,277.9,64.9%,73.0%,55.0%,83.7%,4.9,3.6,2022,serve,,,,,
26,Steve Johnson,276.2,56.7%,77.1%,52.6%,83.9%,9.7,3.8,2022,serve,,,,,
27,Lorenzo Sonego,275.7,68.4%,71.6%,50.3%,81.2%,6.0,1.8,2022,serve,,,,,
28,Karen Khachanov,275.4,64.0%,73.1%,51.1%,82.0%,7.8,2.6,2022,serve,,,,,
29,Jack Draper,275.1,58.8%,75.6%,50.9%,84.7%,8.2,3.1,2022,serve,,,,,
30,Gael Monfils,274.7,60.3%,75.1%,51.9%,83.5%,7.4,3.5,2022,serve,,,,,
31,Roberto Bautista Agut,274.6,66.1%,71.5%,53.6%,82.3%,2.8,1.7,2022,serve,,,,,
32,Grigor Dimitrov,274.3,62.9%,75.0%,51.3%,82.4%,5.6,2.9,2022,serve,,,,,
33,Benjamin Bonzi,273.6,60.1%,73.9%,53.0%,83.1%,6.0,2.5,2022,serve,,,,,
34,Holger Rune,273.3,64.0%,72.2%,53.1%,83.1%,4.4,3.5,2022,serve,,,,,
35,Jannik Sinner,272.4,58.1%,74.5%,53.2%,83.2%,6.3,2.9,2022,serve,,,,,
36,Jan-Lennard Struff,271.9,57.1%,75.3%,51.6%,81.6%,10.1,3.8,2022,serve,,,,,
37,Cameron Norrie,271.2,65.3%,71.4%,51.0%,80.9%,4.6,2.0,2022,serve,,,,,
38,Matteo Arnaldi,270.8,66.9%,71.2%,49.5%,80.4%,5.8,3.0,2022,serve,,,,,
39,Frances Tiafoe,270.3,57.3%,73.7%,51.8%,81.5%,8.4,2.4,2022,serve,,,,,
40,Tallon Griekspoor,270.0,62.2%,72.3%,51.0%,80.5%,7.1,3.1,2022,serve,,,,,
41,Alexander Bublik,268.7,59.3%,78.4%,43.5%,81.1%,13.0,6.6,2022,serve,,,,,
42,Miomir Kecmanovic,268.7,62.9%,69.2%,55.1%,79.3%,3.7,1.5,2022,serve,,,,,
43,Adrian Mannarino,268.2,60.3%,70.8%,54.4%,79.5%,5.4,2.2,2022,serve,,,,,
44,Lorenzo Musetti,267.6,64.8%,69.4%,53.5%,78.5%,3.5,2.1,2022,serve,,,,,
45,Tomas Machac,267.6,63.1%,66.4%,55.5%,79.2%,5.7,2.3,2022,serve,,,,,
46,Sebastian Korda,267.1,62.9%,70.4%,50.4%,79.9%,5.9,2.4,2022,serve,,,,,
47,Andy Murray,266.8,59.9%,74.2%,49.4%,79.4%,6.6,2.7,2022,serve,,,,,
48,Laslo Djere,266.4,61.2%,72.7%,49.1%,81.0%,6.2,3.8,2022,serve,,,,,
49,Oscar Otte,266.4,56.6%,76.3%,48.8%,80.5%,8.3,4.1,2022,serve,,,,,
50,Alexei Popyrin,265.8,61.0%,73.0%,47.0%,79.9%,8.9,4.0,2022,serve,,,,,
1,Diego Schwartzman,,,,,,,,2022,return,163.5,35.3%,54.0%,31.5%,42.7%
2,Rafael Nadal,,,,,,,,2022,return,162.6,34.2%,53.9%,31.0%,43.5%
3,Novak Djokovic,,,,,,,,2022,return,160.1,33.0%,56.0%,28.6%,42.5%
4,Carlos Alcaraz,,,,,,,,2022,return,158.6,34.0%,53.4%,30.8%,40.4%
5,Alex de Minaur,,,,,,,,2022,return,158.3,33.1%,52.6%,28.6%,44.0%
6,Mikael Ymer,,,,,,,,2022,return,158.2,33.8%,52.2%,29.6%,42.6%
7,Alejandro Tabilo,,,,,,,,2022,return,157.8,33.2%,52.1%,29.0%,43.5%
8,Daniil Medvedev,,,,,,,,2022,return,154.7,31.7%,53.9%,26.7%,42.4%
9,Francisco Cerundolo,,,,,,,,2022,return,154.1,32.7%,52.4%,27.6%,41.4%
10,Cameron Norrie,,,,,,,,2022,return,154.1,31.1%,52.6%,26.7%,43.7%
11,Alexander Zverev,,,,,,,,2022,return,154.1,32.7%,50.0%,26.1%,45.3%
12,Jannik Sinner,,,,,,,,2022,return,153.4,32.3%,53.0%,26.7%,41.4%
13,Gael Monfils,,,,,,,,2022,return,152.6,33.5%,50.6%,27.7%,40.8%
14,Jenson Brooksby,,,,,,,,2022,return,151.9,32.3%,49.8%,26.1%,43.7%
15,Roberto Bautista Agut,,,,,,,,2022,return,151.5,30.0%,55.1%,27.3%,39.1%
16,Sebastian Korda,,,,,,,,2022,return,150.9,32.5%,50.2%,26.5%,41.7%
17,Roberto Carballes Baena,,,,,,,,2022,return,150.5,28.4%,48.3%,21.1%,52.7%
18,Miomir Kecmanovic,,,,,,,,2022,return,150.0,30.6%,53.1%,25.3%,41.0%
19,Lorenzo Musetti,,,,,,,,2022,return,149.9,30.0%,50.0%,23.6%,46.3%
20,Federico Coria,,,,,,,,2022,return,149.3,32.9%,50.2%,25.3%,40.9%
21,Botic van de Zandschulp,,,,,,,,2022,return,148.7,31.5%,50.3%,24.9%,42.0%
22,Alejandro Davidovich Fokina,,,,,,,,2022,return,148.2,31.8%,50.0%,26.1%,40.3%
23,Emil Ruusuvuori,,,,,,,,2022,return,148.1,31.6%,51.6%,25.2%,39.7%
24,Mackenzie McDonald,,,,,,,,2022,return,147.5,29.9%,50.8%,24.2%,42.6%
25,Sebastian Baez,,,,,,,,2022,return,147.1,32.5%,50.8%,25.2%,38.6%
26,Daniel Evans,,,,,,,,2022,return,146.9,30.1%,51.0%,24.2%,41.6%
27,Albert Ramos-Vinolas,,,,,,,,2022,return,146.6,30.5%,51.2%,23.4%,41.5%
28,Filip Krajinovic,,,,,,,,2022,return,146.1,26.6%,50.3%,21.7%,47.5%
29,Andy Murray,,,,,,,,2022,return,146.1,28.5%,54.7%,23.6%,39.3%
30,David Goffin,,,,,,,,2022,return,145.7,31.7%,49.8%,25.3%,38.9%
31,Cristian Garin,,,,,,,,2022,return,145.3,31.6%,49.3%,24.5%,39.9%
32,Jaume Munar,,,,,,,,2022,return,145.2,33.8%,49.6%,25.6%,36.2%
33,Taylor Fritz,,,,,,,,2022,return,144.8,29.9%,52.3%,24.5%,38.1%
34,Pablo Carreno Busta,,,,,,,,2022,return,144.6,29.8%,52.0%,24.3%,38.5%
35,Jack Draper,,,,,,,,2022,return,144.5,27.9%,52.3%,23.7%,40.6%
36,Tommy Paul,,,,,,,,2022,return,144.4,31.3%,49.6%,24.3%,39.2%
37,Andrey Rublev,,,,,,,,2022,return,144.3,29.9%,51.5%,23.5%,39.4%
38,Yoshihito Nishioka,,,,,,,,2022,return,143.9,26.0%,54.0%,22.3%,41.6%
39,Federico Delbonis,,,,,,,,2022,return,143.6,28.5%,47.3%,20.6%,47.2%
40,Holger Rune,,,,,,,,2022,return,143.3,29.7%,50.5%,22.2%,40.9%
41,Alex Molcan,,,,,,,,2022,return,142.9,30.3%,50.5%,22.7%,39.4%
42,Marin Cilic,,,,,,,,2022,return,142.2,30.7%,50.1%,22.8%,38.6%
43,Ilya Ivashka,,,,,,,,2022,return,141.9,28.9%,48.5%,22.3%,42.2%
44,Fabio Fognini,,,,,,,,2022,return,141.7,28.8%,50.6%,23.6%,38.7%
45,Taro Daniel,,,,,,,,2022,return,141.6,29.9%,49.3%,21.2%,41.2%
46,Stefanos Tsitsipas,,,,,,,,2022,return,141.2,28.6%,49.9%,21.2%,41.5%
47,Richard Gasquet,,,,,,,,2022,return,140.8,28.6%,50.9%,22.5%,38.8%
48,Aslan Karatsev,,,,,,,,2022,return,140.8,30.3%,49.3%,22.1%,39.1%
49,Grigor Dimitrov,,,,,,,,2022,return,140.7,30.0%,49.6%,22.2%,38.9%
50,Pedro Martinez,,,,,,,,2022,return,139.9,31.1%,50.7%,23.0%,35.1%
1,John Isner,314.8,68.7%,79.3%,56.0%,92.2%,20.6,2.0,2021,serve,,,,,
2,Reilly Opelka,300.6,65.7%,77.1%,54.8%,88.3%,17.1,2.4,2021,serve,,,,,
3,Matteo Berrettini,295.9,64.3%,79.1%,52.8%,89.8%,11.5,1.6,2021,serve,,,,,
4,Alexander Zverev,290.0,67.8%,77.3%,52.1%,86.2%,10.4,3.8,2021,serve,,,,,
5,Stefanos Tsitsipas,288.5,62.8%,76.1%,57.1%,87.8%,6.8,2.1,2021,serve,,,,,
6,Novak Djokovic,288.1,64.9%,76.5%,54.2%,87.0%,8.1,2.6,2021,serve,,,,,
7,Hubert Hurkacz,286.2,63.4%,75.3%,53.6%,85.7%,9.9,1.7,2021,serve,,,,,
8,Daniil Medvedev,285.8,61.8%,78.4%,52.7%,86.9%,9.3,3.3,2021,serve,,,,,
9,Lloyd Harris,284.7,66.4%,76.3%,49.0%,83.9%,11.4,2.3,2021,serve,,,,,
10,Casper Ruud,282.4,63.8%,73.6%,56.7%,85.3%,4.9,1.9,2021,serve,,,,,
11,Ugo Humbert,280.3,63.2%,75.3%,52.1%,83.9%,8.9,3.1,2021,serve,,,,,
12,Andrey Rublev,279.7,60.4%,76.8%,51.5%,85.4%,7.5,1.9,2021,serve,,,,,
13,Brandon Nakashima,279.1,59.2%,76.4%,54.2%,84.1%,7.4,2.2,2021,serve,,,,,
14,Felix Auger-Aliassime,278.1,62.9%,76.7%,50.3%,83.3%,9.1,4.2,2021,serve,,,,,
15,Arthur Rinderknech,277.8,63.9%,75.6%,47.7%,83.0%,10.0,2.4,2021,serve,,,,,
16,Pablo Carreno Busta,277.2,68.7%,70.6%,53.9%,81.6%,3.9,1.5,2021,serve,,,,,
17,Ilya Ivashka,276.7,61.1%,73.6%,54.3%,83.0%,7.1,2.4,2021,serve,,,,,
18,Lorenzo Sonego,276.7,66.2%,72.1%,51.4%,82.7%,6.2,1.9,2021,serve,,,,,
19,Tallon Griekspoor,276.3,66.6%,70.8%,51.9%,81.4%,9.5,3.9,2021,serve,,,,,
20,Alexei Popyrin,274.9,59.2%,74.7%,52.4%,82.9%,9.5,3.8,2021,serve,,,,,
21,Karen Khachanov,274.1,62.8%,72.3%,52.5%,81.5%,7.4,2.4,2021,serve,,,,,
22,Taylor Fritz,274.0,58.9%,75.1%,51.5%,82.1%,9.5,3.1,2021,serve,,,,,
23,Nuno Borges,273.4,67.9%,67.4%,54.1%,81.5%,3.0,0.5,2021,serve,,,,,
24,Tomas Machac,273.1,65.1%,68.1%,52.5%,81.8%,7.3,1.7,2021,serve,,,,,
25,Denis Shapovalov,273.0,59.6%,76.7%,50.2%,84.5%,7.9,5.9,2021,serve,,,,,
26,Frances Tiafoe,271.3,60.6%,71.7%,52.8%,81.6%,7.1,2.5,2021,serve,,,,,
27,Grigor Dimitrov,271.1,64.4%,73.5%,50.8%,80.9%,5.0,3.5,2021,serve,,,,,
28,Sebastian Korda,270.8,65.0%,71.5%,50.5%,80.9%,5.4,2.5,2021,serve,,,,,
29,Marin Cilic,270.1,58.1%,77.1%,47.6%,80.3%,11.0,4.0,2021,serve,,,,,
30,Cameron Norrie,270.1,65.8%,71.3%,49.8%,81.1%,4.8,2.7,2021,serve,,,,,
31,Mackenzie McDonald,269.9,64.7%,69.8%,52.2%,79.3%,6.3,2.4,2021,serve,,,,,
32,Nicolas Jarry,268.5,58.9%,73.3%,50.8%,79.5%,13.3,7.3,2021,serve,,,,,
33,Jannik Sinner,268.4,59.6%,71.0%,54.2%,80.8%,4.8,2.0,2021,serve,,,,,
34,Alexander Bublik,268.3,57.3%,77.0%,45.9%,81.2%,13.6,6.7,2021,serve,,,,,
35,Roberto Bautista Agut,267.7,66.2%,69.3%,52.3%,78.3%,3.3,1.7,2021,serve,,,,,
36,James Duckworth,267.6,57.1%,72.9%,52.1%,80.0%,7.4,1.9,2021,serve,,,,,
37,Tomas Martin Etcheverry,267.6,72.0%,67.9%,47.6%,77.8%,3.3,1.0,2021,serve,,,,,
38,Aslan Karatsev,266.0,59.6%,72.1%,53.0%,80.3%,4.7,3.7,2021,serve,,,,,
39,Gael Monfils,266.0,60.9%,73.9%,47.1%,79.7%,9.4,5.0,2021,serve,,,,,
40,Daniel Evans,264.3,62.2%,69.8%,52.3%,78.7%,3.9,2.6,2021,serve,,,,,
41,Sebastian Baez,263.9,78.4%,64.6%,49.2%,71.7%,0.6,0.6,2021,serve,,,,,
42,Marco Cecchinato,263.8,67.1%,68.3%,50.3%,76.4%,4.3,2.6,2021,serve,,,,,
43,Aljaz Bedene,263.0,54.2%,75.4%,49.3%,79.5%,8.2,3.6,2021,serve,,,,,
44,Filip Krajinovic,263.0,62.4%,69.4%,50.8%,77.8%,4.9,2.3,2021,serve,,,,,
45,Marcos Giron,262.7,59.7%,72.2%,48.9%,78.6%,5.5,2.2,2021,serve,,,,,
46,Gianluca Mager,262.3,59.0%,71.6%,50.1%,78.4%,6.3,3.1,2021,serve,,,,,
47,Jordan Thompson,262.0,58.1%,72.2%,49.9%,76.4%,7.4,2.0,2021,serve,,,,,
48,Carlos Alcaraz,261.6,62.8%,68.1%,53.6%,76.2%,3.1,2.2,2021,serve,,,,,
49,Tommy Paul,261.5,60.5%,69.8%,51.7%,77.8%,4.1,2.4,2021,serve,,,,,
50,Marton Fucsovics,261.2,59.2%,70.9%,52.0%,78.6%,4.4,3.9,2021,serve,,,,,
1,Alexandre Muller,,,,,,,,2021,return,172.5,30.7%,53.9%,27.9%,60.0%
2,Novak Djokovic,,,,,,,,2021,return,171.0,35.8%,55.3%,34.6%,45.3%
3,Diego Schwartzman,,,,,,,,2021,return,169.3,35.3%,54.8%,33.8%,45.4%
4,Daniil Medvedev,,,,,,,,2021,return,165.3,33.1%,55.7%,30.6%,45.9%
5,Carlos Alcaraz,,,,,,,,2021,return,160.4,33.1%,52.6%,30.9%,43.8%
6,Cameron Norrie,,,,,,,,2021,return,157.8,31.7%,52.9%,28.0%,45.2%
7,Casper Ruud,,,,,,,,2021,return,155.3,29.9%,53.8%,26.7%,44.9%
8,Andrey Rublev,,,,,,,,2021,return,154.2,30.2%,54.5%,25.9%,43.6%
9,Jannik Sinner,,,,,,,,2021,return,153.6,31.4%,52.2%,26.2%,43.8%
10,Alexander Zverev,,,,,,,,2021,return,153.5,31.2%,53.6%,27.3%,41.4%
11,Nikoloz Basilashvili,,,,,,,,2021,return,153.4,31.8%,51.9%,26.5%,43.2%
12,Federico Delbonis,,,,,,,,2021,return,153.4,31.8%,53.1%,27.6%,40.9%
13,Mikael Ymer,,,,,,,,2021,return,152.9,31.8%,51.6%,28.7%,40.8%
14,Federico Coria,,,,,,,,2021,return,152.6,31.1%,51.6%,27.1%,42.8%
15,Roberto Bautista Agut,,,,,,,,2021,return,152.3,28.8%,54.8%,25.5%,43.2%
16,Flavio Cobolli,,,,,,,,2021,return,152.3,33.9%,43.4%,25.0%,50.0%
17,Cristian Garin,,,,,,,,2021,return,152.1,33.3%,50.1%,27.1%,41.6%
18,Roberto Carballes Baena,,,,,,,,2021,return,151.9,32.1%,52.4%,28.0%,39.4%
19,Stefanos Tsitsipas,,,,,,,,2021,return,150.6,31.4%,51.2%,25.3%,42.7%
20,Kei Nishikori,,,,,,,,2021,return,149.8,30.8%,52.9%,27.4%,38.7%
21,Pedro Martinez,,,,,,,,2021,return,149.6,30.6%,51.0%,25.3%,42.7%
22,Marton Fucsovics,,,,,,,,2021,return,149.0,31.5%,50.7%,25.0%,41.8%
23,Ilya Ivashka,,,,,,,,2021,return,148.9,29.7%,52.8%,26.0%,40.4%
24,Francisco Cerundolo,,,,,,,,2021,return,148.8,36.9%,47.5%,25.5%,38.9%
25,Alejandro Davidovich Fokina,,,,,,,,2021,return,148.6,31.2%,51.6%,26.2%,39.6%
26,Alex de Minaur,,,,,,,,2021,return,148.4,32.3%,49.8%,25.3%,41.0%
27,Grigor Dimitrov,,,,,,,,2021,return,148.2,30.9%,51.1%,25.1%,41.1%
28,Holger Rune,,,,,,,,2021,return,148.2,28.7%,53.5%,24.3%,41.7%
29,Albert Ramos-Vinolas,,,,,,,,2021,return,148.2,30.1%,53.0%,24.4%,40.7%
30,Aslan Karatsev,,,,,,,,2021,return,148.0,31.1%,51.3%,26.2%,39.4%
31,Sebastian Korda,,,,,,,,2021,return,146.8,31.2%,51.8%,24.6%,39.2%
32,Emil Ruusuvuori,,,,,,,,2021,return,146.4,31.3%,51.9%,24.2%,39.0%
33,Pablo Carreno Busta,,,,,,,,2021,return,145.4,28.6%,50.6%,23.1%,43.1%
34,Fabio Fognini,,,,,,,,2021,return,145.2,31.7%,48.5%,24.2%,40.8%
35,Daniel Evans,,,,,,,,2021,return,145.0,29.5%,50.6%,22.6%,42.3%
36,John Millman,,,,,,,,2021,return,143.6,29.3%,50.5%,22.2%,41.6%
37,Tommy Paul,,,,,,,,2021,return,142.5,30.8%,50.0%,22.7%,39.0%
38,Gael Monfils,,,,,,,,2021,return,141.7,31.4%,50.0%,23.4%,36.9%
39,Jaume Munar,,,,,,,,2021,return,141.7,32.2%,49.5%,24.5%,35.5%
40,Brandon Nakashima,,,,,,,,2021,return,141.3,26.1%,51.5%,21.0%,42.7%
41,Laslo Djere,,,,,,,,2021,return,140.8,30.3%,50.8%,23.0%,36.7%
42,Dominik Koepfer,,,,,,,,2021,return,140.7,29.1%,49.6%,21.9%,40.1%
43,Aljaz Bedene,,,,,,,,2021,return,140.4,29.5%,48.3%,20.4%,42.2%
44,Filip Krajinovic,,,,,,,,2021,return,140.1,27.7%,50.0%,22.1%,40.3%
45,Karen Khachanov,,,,,,,,2021,return,139.7,29.0%,50.6%,21.4%,38.7%
46,Denis Shapovalov,,,,,,,,2021,return,139.3,29.2%,49.2%,21.7%,39.2%
47,Frances Tiafoe,,,,,,,,2021,return,139.3,27.8%,51.0%,21.5%,39.0%
48,Soonwoo Kwon,,,,,,,,2021,return,139.2,29.2%,50.3%,22.6%,37.1%
49,Felix Auger-Aliassime,,,,,,,,2021,return,139.0,30.7%,49.4%,21.7%,37.2%
50,James Duckworth,,,,,,,,2021,return,138.3,26.8%,51.2%,20.9%,39.4%
1,Milos Raonic,309.2,63.6%,82.9%,55.7%,93.9%,16.5,3.4,2020,serve,,,,,
2,Matteo Berrettini,297.9,61.5%,80.6%,57.1%,90.9%,10.1,2.3,2020,serve,,,,,
3,Stefanos Tsitsipas,292.2,65.0%,76.3%,57.2%,88.4%,7.4,2.1,2020,serve,,,,,
4,Rafael Nadal,286.6,64.0%,74.7%,57.8%,87.4%,4.6,1.9,2020,serve,,,,,
5,Daniil Medvedev,285.7,60.8%,77.9%,54.2%,86.1%,9.3,2.6,2020,serve,,,,,
6,Andrey Rublev,285.2,59.6%,79.0%,53.9%,86.1%,8.1,1.5,2020,serve,,,,,
7,Brandon Nakashima,283.3,60.7%,72.1%,59.0%,87.1%,6.8,2.4,2020,serve,,,,,
8,Taylor Fritz,282.6,60.7%,78.0%,50.4%,83.7%,11.9,2.1,2020,serve,,,,,
9,Novak Djokovic,281.6,64.3%,75.4%,52.9%,86.0%,6.0,3.0,2020,serve,,,,,
10,Casper Ruud,279.1,67.1%,70.7%,54.9%,84.1%,4.1,1.8,2020,serve,,,,,
11,Alexander Zverev,278.2,68.3%,77.0%,45.0%,82.7%,10.8,5.6,2020,serve,,,,,
12,Dominic Thiem,277.7,63.4%,74.3%,51.4%,84.4%,7.2,3.0,2020,serve,,,,,
13,Ugo Humbert,276.9,62.0%,75.1%,51.9%,83.9%,6.8,2.8,2020,serve,,,,,
14,Alejandro Tabilo,276.3,65.4%,69.8%,56.3%,82.0%,5.3,2.5,2020,serve,,,,,
15,Felix Auger-Aliassime,275.5,63.7%,74.8%,50.1%,82.5%,8.6,4.2,2020,serve,,,,,
16,Roberto Bautista Agut,272.7,67.1%,68.1%,56.1%,79.8%,3.5,1.9,2020,serve,,,,,
17,Karen Khachanov,272.0,64.1%,72.3%,50.9%,80.6%,6.7,2.6,2020,serve,,,,,
18,Pablo Carreno Busta,271.6,67.7%,69.7%,51.4%,79.5%,4.9,1.6,2020,serve,,,,,
19,Denis Shapovalov,270.9,60.4%,75.3%,49.3%,82.2%,9.6,5.9,2020,serve,,,,,
20,Lorenzo Sonego,270.5,64.2%,72.6%,49.4%,81.4%,4.9,2.0,2020,serve,,,,,
21,Gael Monfils,270.0,67.9%,71.5%,47.0%,81.0%,6.5,3.9,2020,serve,,,,,
22,Alexei Popyrin,269.8,62.8%,72.3%,50.9%,80.6%,8.1,4.9,2020,serve,,,,,
23,Jordan Thompson,266.8,63.5%,70.9%,49.9%,78.9%,5.4,1.8,2020,serve,,,,,
24,Jan-Lennard Struff,266.2,55.9%,75.6%,48.8%,79.8%,9.0,2.9,2020,serve,,,,,
25,Sebastian Korda,264.7,70.5%,64.4%,52.8%,74.0%,5.5,2.5,2020,serve,,,,,
26,Hubert Hurkacz,264.1,59.9%,73.8%,46.3%,79.2%,8.7,3.8,2020,serve,,,,,
27,Jannik Sinner,264.0,61.7%,71.0%,49.9%,80.5%,3.4,2.5,2020,serve,,,,,
28,Tommy Paul,261.3,59.3%,69.3%,52.5%,77.2%,5.1,2.1,2020,serve,,,,,
29,Frances Tiafoe,261.3,62.6%,69.4%,49.6%,77.2%,4.6,2.1,2020,serve,,,,,
30,Grigor Dimitrov,261.2,62.2%,70.3%,49.6%,79.2%,4.5,4.6,2020,serve,,,,,
31,Daniel Evans,261.2,60.1%,69.9%,51.5%,78.0%,3.9,2.2,2020,serve,,,,,
32,Marcos Giron,259.1,62.6%,68.9%,49.0%,74.5%,5.4,1.3,2020,serve,,,,,
33,Alex de Minaur,258.5,61.5%,69.7%,49.4%,77.1%,3.5,2.7,2020,serve,,,,,
34,Lorenzo Musetti,257.1,64.1%,68.0%,46.6%,77.6%,2.4,1.6,2020,serve,,,,,
35,Adrian Mannarino,257.1,57.9%,70.8%,49.9%,76.3%,5.1,2.9,2020,serve,,,,,
36,Miomir Kecmanovic,255.9,59.1%,69.8%,49.3%,75.2%,4.8,2.3,2020,serve,,,,,
37,Cristian Garin,254.6,61.4%,70.1%,47.8%,74.9%,4.7,4.3,2020,serve,,,,,
38,Nicolas Jarry,252.0,66.2%,64.7%,46.2%,68.6%,8.3,2.0,2020,serve,,,,,
39,Pedro Martinez,250.7,67.7%,65.5%,45.0%,74.3%,2.1,3.9,2020,serve,,,,,
40,Diego Schwartzman,248.9,63.0%,64.8%,50.5%,72.1%,1.4,2.9,2020,serve,,,,,
41,Alejandro Davidovich Fokina,246.8,66.1%,63.6%,48.5%,69.9%,1.7,3.0,2020,serve,,,,,
42,Tomas Machac,246.4,67.2%,58.8%,51.6%,70.8%,2.0,4.0,2020,serve,,,,,
43,Carlos Alcaraz,241.4,65.0%,66.4%,42.7%,68.8%,3.0,4.5,2020,serve,,,,,
44,Tallon Griekspoor,232.4,64.7%,68.9%,34.7%,63.6%,3.5,3.0,2020,serve,,,,,
45,Francisco Cerundolo,221.1,59.3%,53.7%,48.6%,61.5%,0.0,2.0,2020,serve,,,,,
1,Francisco Cerundolo,,,,,,,,2020,return,196.4,37.3%,48.3%,30.8%,80.0%
2,Tomas Machac,,,,,,,,2020,return,192.5,28.4%,62.3%,37.5%,64.3%
3,Rafael Nadal,,,,,,,,2020,return,175.6,35.1%,56.8%,34.4%,49.3%
4,Diego Schwartzman,,,,,,,,2020,return,173.7,34.4%,57.4%,34.9%,47.0%
5,Novak Djokovic,,,,,,,,2020,return,168.8,34.6%,57.8%,32.9%,43.5%
6,Lorenzo Musetti,,,,,,,,2020,return,166.8,33.5%,53.7%,30.7%,48.9%
7,Jannik Sinner,,,,,,,,2020,return,160.1,33.7%,52.2%,28.6%,45.6%
8,Grigor Dimitrov,,,,,,,,2020,return,159.1,32.6%,53.2%,28.6%,44.7%
9,Andrey Rublev,,,,,,,,2020,return,158.6,32.1%,53.5%,28.6%,44.4%
10,Daniil Medvedev,,,,,,,,2020,return,156.7,31.4%,56.3%,27.5%,41.5%
11,Pedro Martinez,,,,,,,,2020,return,156.0,31.1%,53.9%,28.1%,42.9%
12,Alejandro Davidovich Fokina,,,,,,,,2020,return,155.1,33.6%,51.5%,28.8%,41.2%
13,Alexander Zverev,,,,,,,,2020,return,154.1,32.7%,50.8%,27.1%,43.5%
14,Alex de Minaur,,,,,,,,2020,return,152.0,31.6%,52.7%,24.8%,42.9%
15,Dominic Thiem,,,,,,,,2020,return,151.0,32.5%,50.3%,26.1%,42.1%
16,Gael Monfils,,,,,,,,2020,return,150.0,29.7%,54.7%,26.3%,39.3%
17,Karen Khachanov,,,,,,,,2020,return,149.5,28.3%,53.3%,22.9%,45.0%
18,Cristian Garin,,,,,,,,2020,return,149.3,31.0%,51.9%,26.1%,40.3%
19,Daniel Evans,,,,,,,,2020,return,148.6,31.2%,50.7%,25.1%,41.6%
20,Sebastian Korda,,,,,,,,2020,return,146.9,31.3%,48.8%,25.8%,41.0%
21,Brandon Nakashima,,,,,,,,2020,return,146.6,27.4%,52.3%,18.8%,48.1%
22,Adrian Mannarino,,,,,,,,2020,return,144.4,30.1%,50.8%,23.5%,40.0%
23,Tommy Paul,,,,,,,,2020,return,144.2,27.5%,51.3%,23.1%,42.3%
24,Roberto Carballes Baena,,,,,,,,2020,return,143.6,28.8%,50.5%,24.9%,39.4%
25,Pablo Carreno Busta,,,,,,,,2020,return,143.2,28.3%,52.3%,25.2%,37.4%
26,Hubert Hurkacz,,,,,,,,2020,return,142.1,28.3%,50.6%,22.1%,41.1%
27,Jan-Lennard Struff,,,,,,,,2020,return,140.4,28.9%,51.1%,22.7%,37.7%
28,Stefanos Tsitsipas,,,,,,,,2020,return,139.9,29.3%,49.9%,21.6%,39.1%
29,Carlos Alcaraz,,,,,,,,2020,return,138.5,38.7%,50.6%,25.0%,24.2%
30,Miomir Kecmanovic,,,,,,,,2020,return,138.5,28.1%,49.0%,21.3%,40.1%
31,Denis Shapovalov,,,,,,,,2020,return,138.0,29.9%,49.2%,22.5%,36.4%
32,Casper Ruud,,,,,,,,2020,return,137.1,29.0%,49.9%,23.0%,35.2%
33,Frances Tiafoe,,,,,,,,2020,return,135.1,28.4%,48.3%,19.8%,38.6%
34,Alejandro Tabilo,,,,,,,,2020,return,133.8,24.7%,56.3%,15.3%,37.5%
35,Ugo Humbert,,,,,,,,2020,return,132.0,28.8%,48.1%,20.0%,35.1%
36,Lorenzo Sonego,,,,,,,,2020,return,130.2,27.8%,46.2%,18.1%,38.1%
37,Milos Raonic,,,,,,,,2020,return,129.8,27.1%,48.4%,18.0%,36.3%
38,Taylor Fritz,,,,,,,,2020,return,129.5,26.3%,52.4%,18.8%,32.0%
39,Felix Auger-Aliassime,,,,,,,,2020,return,128.7,29.2%,45.7%,19.1%,34.7%
40,Jordan Thompson,,,,,,,,2020,return,128.7,27.3%,48.4%,18.5%,34.5%
41,Matteo Berrettini,,,,,,,,2020,return,125.9,28.1%,48.2%,18.3%,31.3%
42,Alexei Popyrin,,,,,,,,2020,return,114.8,24.2%,45.2%,10.9%,34.5%
43,Nicolas Jarry,,,,,,,,2020,return,110.0,19.8%,52.1%,11.4%,26.7%
44,Tallon Griekspoor,,,,,,,,2020,return,51.0,5.5%,45.5%,0.0%,0.0%
1,John Isner,324.1,71.6%,81.1%,57.3%,94.0%,21.8,1.7,2019,serve,,,,,
2,Milos Raonic,313.0,62.8%,83.9%,57.4%,92.9%,19.7,3.7,2019,serve,,,,,
3,Reilly Opelka,308.1,64.1%,80.7%,54.4%,91.0%,21.1,3.2,2019,serve,,,,,
4,Roger Federer,299.3,64.7%,78.1%,59.4%,91.2%,7.5,1.6,2019,serve,,,,,
5,Nick Kyrgios,296.8,66.0%,79.0%,50.4%,88.0%,16.7,3.3,2019,serve,,,,,
6,Rafael Nadal,292.8,64.7%,75.9%,59.5%,90.1%,4.6,2.0,2019,serve,,,,,
7,Sam Querrey,289.7,61.9%,80.7%,47.7%,86.6%,16.8,4.0,2019,serve,,,,,
8,Novak Djokovic,289.5,65.9%,75.9%,57.0%,87.6%,5.7,2.6,2019,serve,,,,,
9,Matteo Berrettini,287.2,61.3%,78.2%,53.8%,87.2%,8.9,2.2,2019,serve,,,,,
10,Jo-Wilfried Tsonga,287.2,60.4%,80.2%,51.6%,86.3%,11.0,2.3,2019,serve,,,,,
11,Stan Wawrinka,285.3,59.1%,76.4%,55.4%,86.4%,9.8,1.8,2019,serve,,,,,
12,Zhizhen Zhang,284.1,65.3%,71.4%,54.7%,85.5%,7.8,0.6,2019,serve,,,,,
13,Stefanos Tsitsipas,283.6,63.8%,76.3%,53.1%,85.5%,7.1,2.2,2019,serve,,,,,
14,Roberto Bautista Agut,281.3,65.9%,72.8%,56.0%,84.4%,3.9,1.7,2019,serve,,,,,
15,Dominic Thiem,280.6,65.8%,73.1%,55.2%,83.8%,4.8,2.1,2019,serve,,,,,
16,Jan-Lennard Struff,279.7,55.6%,79.0%,51.9%,85.0%,11.0,2.8,2019,serve,,,,,
17,Daniil Medvedev,279.6,59.8%,75.6%,54.6%,84.1%,8.7,3.2,2019,serve,,,,,
18,Pablo Carreno Busta,278.3,67.8%,71.0%,52.7%,84.1%,4.6,1.9,2019,serve,,,,,
19,Borna Coric,278.0,62.6%,73.8%,53.4%,83.3%,7.4,2.5,2019,serve,,,,,
20,Hubert Hurkacz,276.9,64.8%,73.2%,51.8%,82.7%,7.3,2.9,2019,serve,,,,,
21,Taylor Fritz,276.8,58.5%,76.3%,51.3%,83.9%,9.2,2.4,2019,serve,,,,,
22,Lorenzo Sonego,276.5,62.6%,74.4%,51.9%,83.0%,6.5,1.9,2019,serve,,,,,
23,Denis Shapovalov,276.0,59.6%,76.2%,52.3%,84.3%,7.7,4.1,2019,serve,,,,,
24,Alex de Minaur,275.2,60.7%,73.9%,55.3%,83.8%,3.9,2.4,2019,serve,,,,,
25,Jordan Thompson,275.2,66.7%,71.5%,50.6%,82.1%,6.2,1.9,2019,serve,,,,,
26,Jeremy Chardy,274.4,62.4%,74.4%,49.5%,82.9%,9.2,4.0,2019,serve,,,,,
27,Nicolas Jarry,274.3,62.5%,71.5%,52.7%,81.6%,8.8,2.8,2019,serve,,,,,
28,Felix Auger-Aliassime,274.2,65.3%,74.6%,48.7%,81.3%,9.0,4.7,2019,serve,,,,,
29,Karen Khachanov,272.9,62.1%,73.0%,51.8%,81.6%,7.6,3.2,2019,serve,,,,,
30,Leonardo Mayer,272.5,58.3%,74.9%,53.3%,83.1%,7.9,5.0,2019,serve,,,,,
31,Grigor Dimitrov,271.9,63.0%,74.4%,50.0%,81.5%,7.1,4.1,2019,serve,,,,,
32,Gael Monfils,271.9,65.2%,71.6%,50.5%,81.8%,6.8,4.0,2019,serve,,,,,
33,Miomir Kecmanovic,271.6,61.3%,72.2%,54.9%,81.8%,3.6,2.2,2019,serve,,,,,
34,Frances Tiafoe,270.6,65.8%,70.6%,51.1%,79.4%,5.9,2.2,2019,serve,,,,,
35,Ugo Humbert,270.4,59.8%,73.8%,51.6%,81.0%,7.6,3.4,2019,serve,,,,,
36,Philipp Kohlschreiber,270.4,60.9%,70.9%,54.5%,81.1%,4.8,1.8,2019,serve,,,,,
37,Lucas Pouille,270.3,58.7%,72.9%,53.0%,82.2%,7.2,3.7,2019,serve,,,,,
38,Fernando Verdasco,270.3,63.9%,71.9%,49.5%,81.0%,7.7,3.7,2019,serve,,,,,
39,Marin Cilic,270.1,58.1%,77.1%,47.9%,82.3%,9.7,5.0,2019,serve,,,,,
40,Alexander Zverev,269.9,66.8%,74.7%,44.1%,79.5%,10.7,5.9,2019,serve,,,,,
41,Filip Krajinovic,269.8,65.8%,69.7%,51.8%,78.7%,5.3,1.5,2019,serve,,,,,
42,Alexei Popyrin,269.8,61.0%,73.2%,50.7%,80.6%,8.3,4.0,2019,serve,,,,,
43,Steve Johnson,269.3,58.7%,73.5%,52.3%,81.4%,6.2,2.8,2019,serve,,,,,
44,Tommy Paul,269.3,61.0%,69.2%,57.4%,78.3%,4.2,0.8,2019,serve,,,,,
45,Guido Pella,268.9,66.5%,68.3%,53.1%,78.3%,4.9,2.2,2019,serve,,,,,
46,Juan Ignacio Londero,268.7,60.5%,70.8%,54.8%,80.8%,4.5,2.7,2019,serve,,,,,
47,Tennys Sandgren,268.0,60.6%,73.6%,48.4%,79.3%,9.0,2.9,2019,serve,,,,,
48,Andrey Rublev,267.9,59.0%,73.7%,51.2%,81.0%,6.1,3.1,2019,serve,,,,,
49,Kyle Edmund,267.7,62.2%,71.2%,51.6%,79.7%,5.1,2.1,2019,serve,,,,,
50,Casper Ruud,267.3,65.4%,70.1%,51.8%,79.2%,3.8,3.0,2019,serve,,,,,
1,Rafael Nadal,,,,,,,,2019,return,170.9,35.1%,55.8%,35.1%,44.9%
2,Novak Djokovic,,,,,,,,2019,return,168.9,33.9%,54.2%,31.8%,49.0%
3,Diego Schwartzman,,,,,,,,2019,return,161.7,32.7%,56.1%,31.0%,41.9%
4,Daniil Medvedev,,,,,,,,2019,return,157.6,30.6%,55.6%,28.0%,43.4%
5,Kei Nishikori,,,,,,,,2019,return,156.6,31.8%,54.6%,28.4%,41.8%
6,Roberto Carballes Baena,,,,,,,,2019,return,155.9,32.2%,50.0%,26.9%,46.8%
7,David Goffin,,,,,,,,2019,return,153.9,32.5%,52.0%,27.9%,41.5%
8,Fabio Fognini,,,,,,,,2019,return,153.3,30.8%,51.5%,26.7%,44.3%
9,Tommy Paul,,,,,,,,2019,return,152.8,27.7%,52.2%,22.9%,50.0%
10,Francisco Cerundolo,,,,,,,,2019,return,151.2,34.6%,43.5%,23.1%,50.0%
11,Filip Krajinovic,,,,,,,,2019,return,150.4,30.5%,51.9%,25.9%,42.1%
12,Gael Monfils,,,,,,,,2019,return,150.4,32.4%,49.8%,27.1%,41.1%
13,Yoshihito Nishioka,,,,,,,,2019,return,149.6,29.2%,53.7%,25.5%,41.2%
14,Roger Federer,,,,,,,,2019,return,149.3,32.6%,50.0%,25.8%,40.9%
15,Albert Ramos-Vinolas,,,,,,,,2019,return,149.1,29.8%,50.2%,25.0%,44.1%
16,Adrian Mannarino,,,,,,,,2019,return,147.7,30.0%,50.3%,23.8%,43.6%
17,Roberto Bautista Agut,,,,,,,,2019,return,147.5,29.1%,53.7%,24.5%,40.2%
18,Alexander Zverev,,,,,,,,2019,return,146.7,31.8%,50.7%,25.5%,38.7%
19,Gilles Simon,,,,,,,,2019,return,145.5,30.8%,52.7%,24.0%,38.0%
20,Dominic Thiem,,,,,,,,2019,return,145.5,29.4%,50.8%,23.6%,41.7%
21,Alejandro Davidovich Fokina,,,,,,,,2019,return,145.4,30.6%,48.8%,22.0%,44.0%
22,Andrey Rublev,,,,,,,,2019,return,145.3,29.2%,54.6%,25.0%,36.5%
23,Dusan Lajovic,,,,,,,,2019,return,145.1,28.6%,50.0%,23.2%,43.3%
24,Nikoloz Basilashvili,,,,,,,,2019,return,145.0,30.0%,49.9%,23.3%,41.8%
25,Alex de Minaur,,,,,,,,2019,return,145.0,30.1%,49.6%,23.4%,41.9%
26,Federico Delbonis,,,,,,,,2019,return,144.9,28.9%,52.3%,23.7%,40.0%
27,Casper Ruud,,,,,,,,2019,return,143.4,27.0%,49.3%,22.7%,44.4%
28,Marton Fucsovics,,,,,,,,2019,return,142.6,32.2%,49.4%,24.9%,36.1%
29,Grigor Dimitrov,,,,,,,,2019,return,142.5,29.1%,49.6%,22.8%,41.0%
30,Pablo Cuevas,,,,,,,,2019,return,142.2,28.9%,48.9%,22.0%,42.4%
31,Guido Pella,,,,,,,,2019,return,142.2,28.5%,53.4%,22.9%,37.4%
32,Radu Albot,,,,,,,,2019,return,141.6,28.2%,52.2%,22.8%,38.4%
33,Daniel Evans,,,,,,,,2019,return,141.5,30.3%,49.4%,24.3%,37.5%
34,Cristian Garin,,,,,,,,2019,return,141.1,29.3%,48.9%,22.4%,40.5%
35,Pablo Andujar,,,,,,,,2019,return,140.7,30.3%,50.1%,21.7%,38.6%
36,Benoit Paire,,,,,,,,2019,return,140.7,31.4%,48.6%,22.4%,38.3%
37,Jannik Sinner,,,,,,,,2019,return,140.3,30.5%,48.7%,23.6%,37.5%
38,Jordan Thompson,,,,,,,,2019,return,140.3,28.4%,49.7%,21.6%,40.6%
39,Aljaz Bedene,,,,,,,,2019,return,140.1,26.0%,50.1%,20.8%,43.2%
40,Jaume Munar,,,,,,,,2019,return,140.1,31.9%,49.4%,22.4%,36.4%
41,John Millman,,,,,,,,2019,return,140.0,27.5%,51.7%,21.1%,39.7%
42,Pablo Carreno Busta,,,,,,,,2019,return,139.9,26.2%,53.6%,22.2%,37.9%
43,Fernando Verdasco,,,,,,,,2019,return,136.7,28.8%,50.2%,21.7%,36.0%
44,Cameron Norrie,,,,,,,,2019,return,136.5,28.1%,49.3%,20.3%,38.8%
45,Miomir Kecmanovic,,,,,,,,2019,return,136.4,24.9%,52.1%,20.1%,39.3%
46,Andreas Seppi,,,,,,,,2019,return,136.3,27.2%,50.1%,19.1%,39.9%
47,Felix Auger-Aliassime,,,,,,,,2019,return,136.0,28.1%,48.1%,19.3%,40.5%
48,Damir Dzumhur,,,,,,,,2019,return,136.0,28.5%,51.7%,21.6%,34.2%
49,Karen Khachanov,,,,,,,,2019,return,135.6,28.1%,48.7%,19.6%,39.2%
50,Juan Ignacio Londero,,,,,,,,2019,return,135.3,28.3%,49.8%,20.7%,36.5%
1,John Isner,320.9,69.5%,80.9%,56.8%,93.6%,22.5,2.4,2018,serve,,,,,
2,Milos Raonic,307.3,63.2%,83.0%,56.8%,90.8%,17.5,4.0,2018,serve,,,,,
3,Nick Kyrgios,303.0,64.9%,78.9%,54.2%,90.0%,19.8,4.8,2018,serve,,,,,
4,Kevin Anderson,301.1,64.6%,79.4%,54.3%,89.1%,16.4,2.7,2018,serve,,,,,
5,Roger Federer,299.2,62.0%,80.2%,58.6%,91.1%,9.2,1.9,2018,serve,,,,,
6,Juan Martin del Potro,290.5,65.4%,76.9%,53.1%,87.6%,9.3,1.8,2018,serve,,,,,
7,Sam Querrey,288.5,58.0%,81.6%,50.8%,87.5%,14.3,3.7,2018,serve,,,,,
8,Novak Djokovic,287.3,66.2%,74.3%,56.6%,87.2%,5.3,2.3,2018,serve,,,,,
9,Karen Khachanov,287.2,64.5%,76.4%,52.3%,86.4%,9.9,2.3,2018,serve,,,,,
10,Marin Cilic,286.0,59.2%,79.0%,53.7%,87.0%,10.2,3.1,2018,serve,,,,,
11,Rafael Nadal,284.2,65.8%,71.7%,59.6%,86.4%,2.6,1.9,2018,serve,,,,,
12,Marius Copil,283.5,57.8%,77.4%,53.6%,85.2%,12.8,3.3,2018,serve,,,,,
13,Ugo Humbert,279.9,58.4%,73.8%,55.9%,84.6%,10.6,3.4,2018,serve,,,,,
14,Borna Coric,279.5,64.0%,73.3%,54.6%,83.5%,6.0,1.9,2018,serve,,,,,
15,Nicolas Jarry,279.1,63.7%,73.5%,52.4%,83.0%,9.6,3.1,2018,serve,,,,,
16,Matteo Berrettini,278.7,62.1%,75.0%,52.7%,83.3%,7.7,2.1,2018,serve,,,,,
17,Denis Istomin,278.5,68.7%,71.8%,51.4%,82.4%,5.7,1.5,2018,serve,,,,,
18,Alexander Zverev,278.5,64.2%,74.4%,52.4%,82.9%,7.5,2.9,2018,serve,,,,,
19,Kyle Edmund,277.4,59.7%,75.1%,53.8%,84.4%,6.9,2.5,2018,serve,,,,,
20,Stefanos Tsitsipas,277.3,58.1%,75.3%,54.4%,85.2%,6.8,2.5,2018,serve,,,,,
21,Dominic Thiem,276.5,58.7%,76.1%,52.7%,85.2%,7.3,3.5,2018,serve,,,,,
22,Steve Johnson,276.0,57.9%,74.7%,53.7%,85.8%,7.1,3.2,2018,serve,,,,,
23,Ryan Harrison,275.8,59.9%,74.5%,52.6%,83.3%,8.8,3.3,2018,serve,,,,,
24,Philipp Kohlschreiber,274.7,61.6%,70.9%,56.6%,82.1%,5.3,1.8,2018,serve,,,,,
25,Jeremy Chardy,274.4,63.2%,75.4%,48.8%,82.7%,8.5,4.2,2018,serve,,,,,
26,Feliciano Lopez,274.3,59.9%,76.8%,47.5%,81.4%,11.8,3.1,2018,serve,,,,,
27,Leonardo Mayer,273.5,61.7%,73.7%,52.8%,82.1%,6.5,3.3,2018,serve,,,,,
28,Frances Tiafoe,273.5,61.3%,72.6%,52.9%,81.8%,7.8,2.9,2018,serve,,,,,
29,Pierre-Hugues Herbert,273.0,62.2%,73.1%,50.6%,82.8%,8.3,4.0,2018,serve,,,,,
30,Stan Wawrinka,273.0,58.6%,73.3%,53.5%,82.6%,7.5,2.5,2018,serve,,,,,
31,Gael Monfils,271.7,66.2%,71.8%,49.7%,80.6%,7.8,4.4,2018,serve,,,,,
32,Tennys Sandgren,271.5,61.3%,73.8%,49.8%,80.8%,8.3,2.5,2018,serve,,,,,
33,Guido Pella,271.2,64.3%,70.8%,53.0%,78.6%,6.4,1.9,2018,serve,,,,,
34,Jiri Vesely,270.9,66.0%,71.5%,48.9%,81.0%,7.7,4.2,2018,serve,,,,,
35,Cameron Norrie,270.8,64.7%,72.2%,49.8%,82.8%,4.7,3.4,2018,serve,,,,,
36,Maximilian Marterer,270.7,61.7%,69.8%,54.6%,80.5%,6.2,2.1,2018,serve,,,,,
37,Lorenzo Sonego,269.9,62.7%,72.7%,49.8%,79.2%,8.4,2.9,2018,serve,,,,,
38,Kei Nishikori,269.4,60.3%,71.5%,54.9%,81.4%,3.6,2.3,2018,serve,,,,,
39,Lucas Pouille,269.4,56.5%,75.0%,50.0%,82.7%,9.1,3.9,2018,serve,,,,,
40,Jan-Lennard Struff,269.3,56.4%,76.7%,49.5%,80.7%,10.3,4.3,2018,serve,,,,,
41,Taylor Fritz,268.9,59.8%,73.9%,49.2%,79.8%,8.9,2.7,2018,serve,,,,,
42,Roberto Bautista Agut,268.8,63.5%,71.5%,52.5%,80.1%,3.2,2.0,2018,serve,,,,,
43,Grigor Dimitrov,268.7,61.9%,74.4%,48.3%,81.6%,7.7,5.2,2018,serve,,,,,
44,Tommy Paul,268.3,63.4%,70.2%,50.8%,82.6%,4.3,3.0,2018,serve,,,,,
45,Marco Cecchinato,268.1,68.5%,69.5%,49.1%,78.2%,5.4,2.6,2018,serve,,,,,
46,Denis Shapovalov,268.0,56.7%,75.7%,51.6%,82.2%,7.6,5.8,2018,serve,,,,,
47,Richard Gasquet,266.6,61.9%,71.3%,51.0%,79.0%,5.5,2.1,2018,serve,,,,,
48,Daniil Medvedev,266.2,57.5%,73.8%,51.0%,81.0%,6.8,3.9,2018,serve,,,,,
49,Dusan Lajovic,265.9,64.7%,68.0%,53.0%,78.0%,3.8,1.6,2018,serve,,,,,
50,Fernando Verdasco,265.9,63.4%,72.1%,48.8%,79.1%,6.7,4.2,2018,serve,,,,,
1,Rafael Nadal,,,,,,,,2018,return,174.4,35.7%,56.6%,36.5%,45.6%
2,David Goffin,,,,,,,,2018,return,163.1,32.5%,54.1%,30.5%,46.0%
3,Diego Schwartzman,,,,,,,,2018,return,159.9,32.0%,55.8%,30.7%,41.4%
4,Fabio Fognini,,,,,,,,2018,return,159.7,32.3%,53.4%,29.4%,44.6%
5,Novak Djokovic,,,,,,,,2018,return,159.1,34.4%,54.5%,30.3%,39.9%
6,Hyeon Chung,,,,,,,,2018,return,157.8,32.0%,53.7%,28.2%,43.9%
7,Gilles Simon,,,,,,,,2018,return,156.6,32.0%,54.3%,28.4%,41.9%
8,Alexander Zverev,,,,,,,,2018,return,154.3,32.4%,52.2%,27.6%,42.1%
9,Pablo Carreno Busta,,,,,,,,2018,return,152.3,28.9%,53.0%,26.2%,44.2%
10,Richard Gasquet,,,,,,,,2018,return,152.3,31.2%,50.9%,27.0%,43.2%
11,Damir Dzumhur,,,,,,,,2018,return,152.0,32.6%,50.0%,26.2%,43.2%
12,Roberto Bautista Agut,,,,,,,,2018,return,151.9,30.0%,54.1%,26.0%,41.8%
13,Borna Coric,,,,,,,,2018,return,150.3,29.5%,51.5%,26.1%,43.2%
14,Marton Fucsovics,,,,,,,,2018,return,150.0,31.2%,51.9%,26.8%,40.1%
15,Fernando Verdasco,,,,,,,,2018,return,149.0,31.3%,51.7%,24.8%,41.2%
16,Kei Nishikori,,,,,,,,2018,return,148.8,29.6%,52.1%,24.5%,42.6%
17,Juan Martin del Potro,,,,,,,,2018,return,147.5,30.5%,52.8%,25.2%,39.0%
18,Gael Monfils,,,,,,,,2018,return,147.0,30.6%,46.9%,23.1%,46.4%
19,John Millman,,,,,,,,2018,return,147.0,29.8%,51.4%,24.6%,41.2%
20,Dominic Thiem,,,,,,,,2018,return,146.4,31.3%,51.4%,24.4%,39.3%
21,Roger Federer,,,,,,,,2018,return,146.2,32.1%,48.3%,23.9%,41.9%
22,Dusan Lajovic,,,,,,,,2018,return,144.8,29.6%,50.6%,23.0%,41.6%
23,Benoit Paire,,,,,,,,2018,return,144.7,31.5%,48.7%,23.9%,40.6%
24,Karen Khachanov,,,,,,,,2018,return,144.5,28.5%,51.4%,23.0%,41.6%
25,Miomir Kecmanovic,,,,,,,,2018,return,144.3,14.9%,53.2%,9.5%,66.7%
26,Alex de Minaur,,,,,,,,2018,return,143.4,27.7%,53.3%,23.8%,38.6%
27,Andrey Rublev,,,,,,,,2018,return,143.0,29.8%,52.8%,23.7%,36.7%
28,Filip Krajinovic,,,,,,,,2018,return,141.4,27.4%,53.7%,24.2%,36.1%
29,Daniil Medvedev,,,,,,,,2018,return,141.2,28.1%,51.4%,23.1%,38.6%
30,Radu Albot,,,,,,,,2018,return,141.0,29.0%,52.4%,22.6%,37.0%
31,Andreas Seppi,,,,,,,,2018,return,141.0,28.7%,49.1%,22.8%,40.4%
32,Adrian Mannarino,,,,,,,,2018,return,140.8,27.5%,48.4%,19.3%,45.6%
33,Sebastian Korda,,,,,,,,2018,return,140.4,21.6%,54.5%,21.4%,42.9%
34,Kyle Edmund,,,,,,,,2018,return,140.2,28.1%,51.1%,22.0%,39.0%
35,Guido Pella,,,,,,,,2018,return,140.2,28.1%,52.6%,21.9%,37.6%
36,Mikhail Kukushkin,,,,,,,,2018,return,139.9,27.7%,52.3%,21.7%,38.2%
37,Felix Auger-Aliassime,,,,,,,,2018,return,139.2,31.7%,48.4%,20.8%,38.3%
38,Marin Cilic,,,,,,,,2018,return,139.2,29.9%,50.5%,22.8%,36.0%
39,Casper Ruud,,,,,,,,2018,return,139.1,25.8%,51.8%,20.5%,41.0%
40,Cameron Norrie,,,,,,,,2018,return,139.0,29.2%,48.0%,21.1%,40.7%
41,Robin Haase,,,,,,,,2018,return,138.4,26.4%,49.1%,21.2%,41.7%
42,Joao Sousa,,,,,,,,2018,return,138.1,31.3%,47.9%,22.7%,36.2%
43,Jan-Lennard Struff,,,,,,,,2018,return,137.9,25.9%,48.4%,18.9%,44.7%
44,Malek Jaziri,,,,,,,,2018,return,137.5,26.2%,50.2%,19.9%,41.2%
45,Roberto Carballes Baena,,,,,,,,2018,return,137.0,26.9%,50.1%,19.8%,40.2%
46,Stefanos Tsitsipas,,,,,,,,2018,return,136.5,26.9%,49.4%,19.7%,40.5%
47,Jared Donaldson,,,,,,,,2018,return,135.8,26.7%,49.1%,20.3%,39.7%
48,Philipp Kohlschreiber,,,,,,,,2018,return,135.8,27.8%,48.9%,19.6%,39.5%
49,Matthew Ebden,,,,,,,,2018,return,135.7,27.4%,47.6%,19.6%,41.1%
50,Aljaz Bedene,,,,,,,,2018,return,135.2,30.7%,48.3%,21.5%,34.7%
1,John Isner,317.6,70.8%,79.9%,56.5%,92.9%,19.7,2.2,2017,serve,,,,,
2,Ivo Karlovic,312.8,65.1%,82.3%,56.3%,93.3%,20.9,5.1,2017,serve,,,,,
3,Roger Federer,300.5,62.2%,79.8%,59.4%,91.3%,9.6,1.8,2017,serve,,,,,
4,Milos Raonic,300.0,64.2%,79.3%,55.9%,90.2%,13.8,3.4,2017,serve,,,,,
5,Kevin Anderson,299.4,64.6%,79.0%,54.3%,90.4%,13.9,2.8,2017,serve,,,,,
6,Nick Kyrgios,294.6,63.7%,78.9%,54.9%,88.6%,12.1,3.6,2017,serve,,,,,
7,Gilles Muller,294.5,62.4%,80.1%,51.4%,89.8%,14.7,3.9,2017,serve,,,,,
8,Rafael Nadal,294.4,68.0%,73.9%,61.2%,89.2%,3.7,1.6,2017,serve,,,,,
9,Jo-Wilfried Tsonga,289.7,60.8%,80.0%,52.9%,88.4%,9.9,2.3,2017,serve,,,,,
10,Marin Cilic,284.2,58.5%,79.6%,52.8%,85.1%,11.3,3.1,2017,serve,,,,,
11,Sam Querrey,284.0,57.4%,80.2%,50.9%,85.2%,13.5,3.2,2017,serve,,,,,
12,Grigor Dimitrov,283.9,63.0%,77.5%,52.1%,86.7%,8.3,3.7,2017,serve,,,,,
13,Tomas Berdych,282.4,58.4%,78.5%,53.2%,86.9%,7.8,2.4,2017,serve,,,,,
14,Juan Martin del Potro,281.8,64.4%,75.7%,50.8%,84.7%,8.5,2.3,2017,serve,,,,,
15,Alexander Zverev,281.1,64.0%,74.5%,53.2%,84.8%,8.1,3.5,2017,serve,,,,,
16,Novak Djokovic,278.0,66.0%,72.6%,53.4%,83.8%,4.1,1.9,2017,serve,,,,,
17,Stan Wawrinka,277.6,59.8%,72.5%,56.4%,83.9%,7.2,2.2,2017,serve,,,,,
18,Feliciano Lopez,277.1,59.3%,76.9%,50.2%,82.7%,10.9,2.9,2017,serve,,,,,
19,Denis Shapovalov,276.9,58.6%,75.2%,53.9%,84.2%,9.7,4.7,2017,serve,,,,,
20,Horacio Zeballos,275.8,63.8%,71.9%,54.5%,82.0%,5.8,2.2,2017,serve,,,,,
21,Steve Johnson,274.9,59.6%,76.1%,50.9%,83.8%,8.0,3.5,2017,serve,,,,,
22,Dusan Lajovic,274.8,69.1%,68.1%,54.8%,80.7%,3.5,1.4,2017,serve,,,,,
23,Borna Coric,274.1,62.4%,71.6%,53.4%,83.4%,5.8,2.5,2017,serve,,,,,
24,Philipp Kohlschreiber,273.9,59.5%,75.9%,52.0%,83.3%,5.3,2.1,2017,serve,,,,,
25,Aljaz Bedene,273.7,59.3%,75.1%,52.4%,81.0%,7.9,2.0,2017,serve,,,,,
26,Denis Istomin,273.3,65.7%,72.3%,48.9%,79.6%,8.4,1.6,2017,serve,,,,,
27,Dominic Thiem,272.3,58.8%,74.8%,52.6%,83.1%,6.1,3.1,2017,serve,,,,,
28,Lucas Pouille,272.0,56.1%,75.2%,53.1%,83.1%,8.5,4.0,2017,serve,,,,,
29,Tommy Paul,271.7,64.8%,70.4%,53.9%,79.7%,5.8,2.9,2017,serve,,,,,
30,Mischa Zverev,271.5,65.3%,71.5%,50.0%,81.0%,6.4,2.7,2017,serve,,,,,
31,Gael Monfils,270.9,62.4%,72.3%,50.4%,80.6%,9.2,4.0,2017,serve,,,,,
32,Kyle Edmund,270.5,58.3%,73.9%,52.8%,82.8%,5.6,2.9,2017,serve,,,,,
33,Taylor Fritz,270.5,56.6%,73.3%,53.3%,81.7%,8.2,2.6,2017,serve,,,,,
34,Richard Gasquet,270.1,62.4%,71.8%,52.7%,82.1%,3.1,2.0,2017,serve,,,,,
35,Jack Sock,269.2,59.6%,72.7%,52.7%,81.4%,6.8,4.0,2017,serve,,,,,
36,Roberto Bautista Agut,268.5,63.3%,70.2%,54.8%,79.5%,2.9,2.2,2017,serve,,,,,
37,Guido Pella,268.0,65.2%,69.2%,52.0%,79.2%,4.8,2.4,2017,serve,,,,,
38,Jeremy Chardy,267.9,63.3%,73.0%,49.1%,79.0%,7.8,4.3,2017,serve,,,,,
39,Alexandr Dolgopolov,267.4,56.3%,74.4%,52.2%,80.8%,6.5,2.8,2017,serve,,,,,
40,Kei Nishikori,267.3,62.1%,71.4%,52.1%,80.7%,3.3,2.3,2017,serve,,,,,
41,Fernando Verdasco,267.2,68.3%,69.9%,50.4%,78.0%,4.0,3.4,2017,serve,,,,,
42,Nicolas Mahut,266.9,61.0%,71.1%,52.0%,79.1%,6.5,2.8,2017,serve,,,,,
43,Jan-Lennard Struff,266.9,53.3%,77.8%,49.9%,81.9%,8.3,4.3,2017,serve,,,,,
44,David Goffin,266.8,57.6%,73.3%,52.3%,80.6%,5.8,2.8,2017,serve,,,,,
45,Andy Murray,266.8,59.5%,72.1%,52.9%,79.3%,5.8,2.8,2017,serve,,,,,
46,Robin Haase,266.6,59.5%,73.3%,50.8%,78.7%,7.3,3.0,2017,serve,,,,,
47,Karen Khachanov,266.2,57.0%,74.1%,50.6%,80.1%,7.9,3.5,2017,serve,,,,,
48,Pablo Carreno Busta,266.0,67.5%,67.1%,52.3%,77.3%,3.5,1.7,2017,serve,,,,,
49,Frances Tiafoe,265.8,58.7%,70.9%,52.5%,78.7%,8.1,3.1,2017,serve,,,,,
50,Marcos Baghdatis,264.3,53.3%,76.3%,49.2%,81.3%,7.7,3.5,2017,serve,,,,,
1,Diego Schwartzman,,,,,,,,2017,return,168.7,34.3%,56.1%,34.8%,43.5%
2,Andy Murray,,,,,,,,2017,return,168.6,34.7%,53.9%,32.2%,47.8%
3,Rafael Nadal,,,,,,,,2017,return,164.3,34.6%,55.6%,32.7%,41.4%
4,Novak Djokovic,,,,,,,,2017,return,164.0,33.5%,55.3%,30.6%,44.6%
5,Damir Dzumhur,,,,,,,,2017,return,162.2,32.7%,51.2%,30.4%,47.9%
6,Roberto Bautista Agut,,,,,,,,2017,return,159.4,32.4%,54.1%,30.4%,42.5%
7,Kei Nishikori,,,,,,,,2017,return,157.3,31.4%,54.4%,28.6%,42.9%
8,Hyeon Chung,,,,,,,,2017,return,154.6,32.1%,53.4%,27.9%,41.2%
9,Pablo Carreno Busta,,,,,,,,2017,return,152.9,29.4%,53.0%,27.2%,43.3%
10,David Goffin,,,,,,,,2017,return,151.9,30.1%,53.9%,26.7%,41.2%
11,Adrian Mannarino,,,,,,,,2017,return,151.6,30.3%,51.3%,26.0%,44.0%
12,Alexandre Muller,,,,,,,,2017,return,151.0,28.0%,50.0%,29.2%,43.8%
13,Roger Federer,,,,,,,,2017,return,150.9,32.4%,51.5%,26.7%,40.3%
14,Richard Gasquet,,,,,,,,2017,return,150.6,29.6%,54.1%,26.0%,40.9%
15,Roberto Carballes Baena,,,,,,,,2017,return,150.0,26.8%,54.0%,22.8%,46.4%
16,Andrey Rublev,,,,,,,,2017,return,150.0,29.4%,53.4%,24.4%,42.8%
17,Steve Darcis,,,,,,,,2017,return,149.6,31.0%,48.3%,23.9%,46.4%
18,Fernando Verdasco,,,,,,,,2017,return,149.5,30.5%,52.5%,25.1%,41.4%
19,Gael Monfils,,,,,,,,2017,return,148.6,32.8%,48.8%,25.8%,41.2%
20,Gilles Simon,,,,,,,,2017,return,148.0,30.4%,50.6%,24.1%,42.9%
21,Yuichi Sugita,,,,,,,,2017,return,147.6,28.9%,51.5%,23.9%,43.3%
22,Alexander Zverev,,,,,,,,2017,return,147.3,28.4%,50.7%,23.2%,45.0%
23,Benoit Paire,,,,,,,,2017,return,147.2,32.7%,47.6%,24.1%,42.8%
24,Fabio Fognini,,,,,,,,2017,return,146.3,31.2%,50.1%,26.0%,39.0%
25,Dominic Thiem,,,,,,,,2017,return,146.3,31.3%,49.6%,25.2%,40.2%
26,David Ferrer,,,,,,,,2017,return,145.8,31.4%,51.3%,25.4%,37.7%
27,Zhizhen Zhang,,,,,,,,2017,return,144.9,28.4%,54.9%,21.6%,40.0%
28,Jo-Wilfried Tsonga,,,,,,,,2017,return,144.3,30.2%,50.4%,23.3%,40.4%
29,Marin Cilic,,,,,,,,2017,return,144.1,30.9%,51.4%,23.6%,38.2%
30,Philipp Kohlschreiber,,,,,,,,2017,return,144.1,29.1%,50.8%,23.0%,41.2%
31,Grigor Dimitrov,,,,,,,,2017,return,143.9,29.8%,52.0%,23.7%,38.4%
32,Carlos Berlocq,,,,,,,,2017,return,142.5,29.1%,49.3%,21.9%,42.2%
33,Jordan Thompson,,,,,,,,2017,return,142.4,30.1%,48.0%,23.1%,41.2%
34,Albert Ramos-Vinolas,,,,,,,,2017,return,142.0,29.6%,50.4%,23.1%,38.9%
35,Sam Querrey,,,,,,,,2017,return,141.8,28.5%,48.7%,21.5%,43.1%
36,Lucas Pouille,,,,,,,,2017,return,140.8,26.5%,51.6%,21.5%,41.2%
37,Stan Wawrinka,,,,,,,,2017,return,140.5,28.8%,49.3%,22.3%,40.1%
38,Andreas Seppi,,,,,,,,2017,return,140.3,28.1%,48.6%,21.1%,42.5%
39,Jiri Vesely,,,,,,,,2017,return,140.2,27.8%,47.6%,21.0%,43.8%
40,Kyle Edmund,,,,,,,,2017,return,140.0,27.1%,51.5%,22.0%,39.4%
41,Guido Pella,,,,,,,,2017,return,139.9,28.2%,51.2%,21.7%,38.8%
42,Thomaz Bellucci,,,,,,,,2017,return,139.2,27.9%,50.8%,20.8%,39.7%
43,Nikoloz Basilashvili,,,,,,,,2017,return,138.9,29.2%,49.7%,22.8%,37.2%
44,Tomas Berdych,,,,,,,,2017,return,138.6,25.1%,51.1%,19.8%,42.6%
45,Robin Haase,,,,,,,,2017,return,137.8,29.2%,50.2%,21.8%,36.6%
46,Juan Martin del Potro,,,,,,,,2017,return,137.4,28.0%,49.9%,21.0%,38.5%
47,Pablo Cuevas,,,,,,,,2017,return,137.3,29.2%,47.7%,20.2%,40.2%
48,Joao Sousa,,,,,,,,2017,return,136.7,28.9%,47.8%,20.8%,39.2%
49,Mikhail Youzhny,,,,,,,,2017,return,135.8,27.8%,48.0%,20.1%,39.9%
50,Aljaz Bedene,,,,,,,,2017,return,135.6,28.9%,48.5%,20.6%,37.6%
1,John Isner,319.7,69.3%,82.2%,54.5%,93.2%,23.2,2.7,2016,serve,,,,,
2,Ivo Karlovic,310.4,64.3%,82.1%,55.6%,92.7%,20.9,5.2,2016,serve,,,,,
3,Milos Raonic,299.4,64.1%,80.0%,55.3%,90.6%,12.7,3.3,2016,serve,,,,,
4,Nick Kyrgios,297.1,66.4%,76.0%,55.1%,88.7%,13.8,2.9,2016,serve,,,,,
5,Gilles Muller,293.8,60.6%,81.2%,52.7%,87.8%,15.1,3.6,2016,serve,,,,,
6,Sam Querrey,285.3,58.5%,79.9%,51.6%,85.3%,13.1,3.1,2016,serve,,,,,
7,Marin Cilic,284.3,55.3%,79.5%,54.8%,86.9%,10.2,2.4,2016,serve,,,,,
8,Jo-Wilfried Tsonga,283.8,60.3%,78.3%,51.6%,87.7%,9.1,3.2,2016,serve,,,,,
9,Kevin Anderson,282.8,59.3%,77.1%,52.5%,85.3%,13.0,4.4,2016,serve,,,,,
10,Novak Djokovic,282.3,65.0%,73.3%,56.4%,86.2%,3.8,2.4,2016,serve,,,,,
11,Casper Ruud,282.3,62.7%,73.0%,63.6%,80.0%,6.0,3.0,2016,serve,,,,,
12,Juan Martin del Potro,282.1,64.6%,75.9%,53.3%,83.9%,6.8,2.4,2016,serve,,,,,
13,Jiri Vesely,280.9,64.5%,72.2%,55.5%,83.6%,8.3,3.2,2016,serve,,,,,
14,Gael Monfils,280.0,63.9%,74.7%,52.7%,83.4%,8.1,2.8,2016,serve,,,,,
15,Stan Wawrinka,280.0,58.3%,74.8%,56.3%,86.0%,7.1,2.5,2016,serve,,,,,
16,Pablo Cuevas,279.9,61.1%,74.7%,55.0%,84.5%,7.6,3.0,2016,serve,,,,,
17,Steve Johnson,279.7,61.1%,74.5%,54.0%,84.3%,8.4,2.6,2016,serve,,,,,
18,Andy Murray,279.1,59.8%,76.3%,53.9%,85.1%,6.6,2.6,2016,serve,,,,,
19,Feliciano Lopez,278.0,58.2%,76.7%,51.0%,84.3%,11.0,3.2,2016,serve,,,,,
20,Tomas Berdych,277.1,57.3%,78.3%,51.2%,84.9%,8.4,3.0,2016,serve,,,,,
21,Bernard Tomic,276.6,65.6%,73.0%,48.4%,82.5%,9.4,2.3,2016,serve,,,,,
22,Dusan Lajovic,274.9,66.4%,70.9%,53.9%,81.5%,4.2,2.0,2016,serve,,,,,
23,Dominic Thiem,274.9,61.5%,73.6%,54.1%,82.7%,5.9,2.9,2016,serve,,,,,
24,Rafael Nadal,274.8,70.4%,68.5%,54.4%,81.0%,2.2,1.7,2016,serve,,,,,
25,Jack Sock,274.8,58.5%,74.8%,54.3%,84.2%,6.7,3.7,2016,serve,,,,,
26,Guido Pella,273.6,68.0%,68.5%,53.7%,80.8%,5.4,2.8,2016,serve,,,,,
27,Grigor Dimitrov,272.4,63.9%,72.3%,52.4%,81.4%,5.7,3.3,2016,serve,,,,,
28,Kei Nishikori,272.3,60.8%,72.1%,55.3%,83.1%,3.3,2.3,2016,serve,,,,,
29,Karen Khachanov,271.7,57.2%,74.1%,52.6%,82.5%,8.4,3.1,2016,serve,,,,,
30,Nicolas Mahut,269.9,61.0%,74.3%,50.8%,81.1%,5.3,2.6,2016,serve,,,,,
31,Roberto Bautista Agut,269.2,65.4%,69.3%,53.2%,80.1%,3.4,2.2,2016,serve,,,,,
32,Borna Coric,268.7,62.9%,70.2%,54.7%,76.9%,6.1,2.1,2016,serve,,,,,
33,Philipp Kohlschreiber,268.3,59.2%,73.1%,52.2%,81.0%,5.1,2.3,2016,serve,,,,,
34,Nicolas Almagro,268.2,54.3%,75.1%,51.8%,80.9%,10.1,4.0,2016,serve,,,,,
35,Rajeev Ram,268.1,63.4%,71.7%,49.9%,79.0%,7.1,3.0,2016,serve,,,,,
36,Fernando Verdasco,268.0,63.6%,72.2%,49.7%,80.1%,6.3,3.9,2016,serve,,,,,
37,Viktor Troicki,267.9,61.5%,72.6%,49.1%,78.5%,8.4,2.2,2016,serve,,,,,
38,Richard Gasquet,266.9,62.2%,70.6%,53.3%,79.0%,3.7,1.9,2016,serve,,,,,
39,Lukas Rosol,266.4,60.1%,71.3%,51.6%,79.8%,6.8,3.2,2016,serve,,,,,
40,Juan Monaco,266.1,73.8%,63.8%,53.7%,73.9%,2.0,1.1,2016,serve,,,,,
41,Frances Tiafoe,266.0,64.9%,69.0%,53.0%,76.0%,5.7,2.6,2016,serve,,,,,
42,Alexander Zverev,266.0,61.6%,71.7%,50.5%,80.4%,6.3,4.5,2016,serve,,,,,
43,Jordan Thompson,265.9,57.9%,74.8%,51.1%,79.1%,5.8,2.8,2016,serve,,,,,
44,Jeremy Chardy,265.2,59.4%,74.7%,48.7%,79.3%,8.2,5.1,2016,serve,,,,,
45,Lucas Pouille,265.2,54.9%,74.2%,50.8%,80.4%,8.5,3.6,2016,serve,,,,,
46,Aljaz Bedene,264.0,57.6%,73.6%,49.3%,77.3%,9.1,2.9,2016,serve,,,,,
47,Robin Haase,264.0,59.6%,72.5%,49.8%,77.9%,6.6,2.4,2016,serve,,,,,
48,Andrey Kuznetsov,263.9,55.6%,74.3%,51.9%,80.0%,5.4,3.3,2016,serve,,,,,
49,Kyle Edmund,263.7,59.3%,72.1%,51.2%,77.9%,6.1,2.9,2016,serve,,,,,
50,John Millman,263.6,63.7%,66.7%,54.5%,76.0%,4.4,1.7,2016,serve,,,,,
1,Rafael Nadal,,,,,,,,2016,return,177.9,35.5%,56.1%,40.8%,45.5%
2,Andy Murray,,,,,,,,2016,return,172.2,33.8%,56.4%,36.7%,45.3%
3,Novak Djokovic,,,,,,,,2016,return,171.2,34.7%,58.5%,34.5%,43.5%
4,Diego Schwartzman,,,,,,,,2016,return,161.6,32.2%,53.2%,29.6%,46.6%
5,David Goffin,,,,,,,,2016,return,160.8,31.9%,54.5%,31.0%,43.4%
6,Gael Monfils,,,,,,,,2016,return,159.7,31.6%,51.8%,30.5%,45.8%
7,Fabio Fognini,,,,,,,,2016,return,159.1,30.0%,52.6%,31.1%,45.4%
8,Kei Nishikori,,,,,,,,2016,return,158.1,30.6%,54.3%,30.2%,43.0%
9,Richard Gasquet,,,,,,,,2016,return,157.3,32.1%,52.4%,29.2%,43.6%
10,Gilles Simon,,,,,,,,2016,return,156.2,31.6%,52.2%,28.7%,43.7%
11,David Ferrer,,,,,,,,2016,return,155.4,31.6%,53.4%,29.1%,41.3%
12,Pablo Carreno Busta,,,,,,,,2016,return,155.2,30.2%,52.4%,27.0%,45.6%
13,Damir Dzumhur,,,,,,,,2016,return,154.7,31.7%,50.3%,28.0%,44.7%
14,Juan Monaco,,,,,,,,2016,return,154.2,31.8%,53.2%,29.7%,39.5%
15,Roberto Bautista Agut,,,,,,,,2016,return,152.6,30.6%,52.6%,28.0%,41.4%
16,Daniil Medvedev,,,,,,,,2016,return,152.1,34.7%,51.1%,31.1%,35.2%
17,Paolo Lorenzi,,,,,,,,2016,return,149.1,30.4%,49.9%,25.4%,43.4%
18,John Millman,,,,,,,,2016,return,147.9,29.1%,48.9%,24.7%,45.2%
19,Alexander Zverev,,,,,,,,2016,return,147.3,30.1%,50.0%,24.7%,42.5%
20,Lorenzo Sonego,,,,,,,,2016,return,146.7,27.0%,62.9%,23.5%,33.3%
21,Juan Martin del Potro,,,,,,,,2016,return,146.6,28.9%,50.6%,28.9%,38.2%
22,Stephane Robert,,,,,,,,2016,return,146.4,31.3%,50.6%,24.4%,40.1%
23,Albert Ramos-Vinolas,,,,,,,,2016,return,146.3,30.5%,50.0%,24.7%,41.1%
24,Federico Delbonis,,,,,,,,2016,return,145.2,28.5%,51.7%,23.1%,41.9%
25,Tommy Paul,,,,,,,,2016,return,144.4,23.6%,53.4%,22.2%,45.2%
26,Benoit Paire,,,,,,,,2016,return,144.1,31.1%,48.2%,24.8%,40.0%
27,Adrian Mannarino,,,,,,,,2016,return,143.8,29.1%,50.0%,24.0%,40.7%
28,Thomaz Bellucci,,,,,,,,2016,return,143.7,30.3%,49.3%,24.5%,39.6%
29,Dominic Thiem,,,,,,,,2016,return,143.7,30.7%,49.6%,23.8%,39.6%
30,Marcos Baghdatis,,,,,,,,2016,return,143.0,28.5%,50.4%,22.5%,41.6%
31,Karen Khachanov,,,,,,,,2016,return,143.0,29.6%,48.5%,22.2%,42.7%
32,Jeremy Chardy,,,,,,,,2016,return,142.9,30.1%,49.9%,23.6%,39.3%
33,Andrey Kuznetsov,,,,,,,,2016,return,142.9,29.0%,50.6%,23.4%,39.9%
34,Mikhail Youzhny,,,,,,,,2016,return,142.4,27.9%,52.8%,24.0%,37.7%
35,Stan Wawrinka,,,,,,,,2016,return,142.2,29.4%,50.5%,23.4%,38.9%
36,Marcel Granollers,,,,,,,,2016,return,141.8,30.7%,48.2%,22.3%,40.6%
37,Nicolas Mahut,,,,,,,,2016,return,141.5,27.1%,48.1%,20.2%,46.1%
38,Philipp Kohlschreiber,,,,,,,,2016,return,141.3,30.2%,50.0%,23.9%,37.2%
39,Fernando Verdasco,,,,,,,,2016,return,141.1,31.2%,48.9%,23.2%,37.8%
40,Teymuraz Gabashvili,,,,,,,,2016,return,140.5,28.9%,48.3%,23.6%,39.7%
41,Tomas Berdych,,,,,,,,2016,return,139.8,28.6%,50.1%,21.9%,39.2%
42,Joao Sousa,,,,,,,,2016,return,139.8,29.0%,49.9%,22.9%,38.0%
43,Mikhail Kukushkin,,,,,,,,2016,return,139.6,27.6%,51.6%,21.8%,38.6%
44,Paul-Henri Mathieu,,,,,,,,2016,return,139.5,26.8%,50.5%,21.0%,41.2%
45,Kyle Edmund,,,,,,,,2016,return,139.2,26.9%,50.1%,22.7%,39.5%
46,Marin Cilic,,,,,,,,2016,return,138.8,28.5%,49.5%,23.0%,37.8%
47,Illya Marchenko,,,,,,,,2016,return,138.7,28.2%,46.1%,20.9%,43.5%
48,Grigor Dimitrov,,,,,,,,2016,return,137.8,31.1%,48.2%,21.7%,36.8%
49,Viktor Troicki,,,,,,,,2016,return,137.6,29.2%,49.1%,21.1%,38.2%
50,Donald Young,,,,,,,,2016,return,136.9,28.5%,49.6%,21.5%,37.3%
1,Ivo Karlovic,323.1,66.6%,84.6%,57.0%,95.5%,23.0,3.6,2015,serve,,,,,
2,John Isner,317.1,70.3%,79.2%,57.6%,93.3%,18.5,1.8,2015,serve,,,,,
3,Milos Raonic,309.4,63.6%,81.3%,57.7%,94.0%,15.8,3.0,2015,serve,,,,,
4,Roger Federer,299.7,63.9%,80.1%,57.2%,91.9%,8.3,1.7,2015,serve,,,,,
5,Kevin Anderson,297.0,63.4%,79.5%,53.6%,88.6%,15.3,3.4,2015,serve,,,,,
6,Novak Djokovic,294.3,66.4%,74.4%,60.2%,89.5%,5.4,1.6,2015,serve,,,,,
7,Jo-Wilfried Tsonga,291.1,62.3%,78.8%,54.1%,88.1%,10.6,2.8,2015,serve,,,,,
8,Sam Groth,290.7,62.3%,78.6%,52.2%,86.2%,16.0,4.6,2015,serve,,,,,
9,Gilles Muller,288.7,60.8%,79.9%,50.6%,87.2%,13.9,3.7,2015,serve,,,,,
10,Sam Querrey,288.1,59.9%,78.2%,54.0%,85.8%,13.8,3.6,2015,serve,,,,,
11,Nick Kyrgios,287.9,64.1%,75.5%,52.7%,86.9%,12.1,3.4,2015,serve,,,,,
12,Nicolas Jarry,285.0,58.8%,72.5%,60.7%,85.7%,12.0,4.7,2015,serve,,,,,
13,Richard Gasquet,284.0,62.6%,76.0%,55.3%,86.4%,5.5,1.8,2015,serve,,,,,
14,Marin Cilic,283.4,58.7%,78.2%,51.9%,85.2%,12.0,2.6,2015,serve,,,,,
15,Vasek Pospisil,282.6,58.4%,77.6%,53.0%,86.1%,10.8,3.3,2015,serve,,,,,
16,Feliciano Lopez,281.3,57.3%,76.5%,53.5%,84.9%,12.7,3.6,2015,serve,,,,,
17,Leonardo Mayer,281.2,64.0%,74.5%,53.6%,85.4%,6.7,3.0,2015,serve,,,,,
18,Steve Johnson,280.7,59.8%,75.9%,53.7%,84.3%,9.8,2.8,2015,serve,,,,,
19,Bernard Tomic,280.6,66.2%,72.8%,50.3%,83.7%,9.1,1.5,2015,serve,,,,,
20,Stan Wawrinka,279.9,56.4%,76.4%,55.6%,86.0%,8.0,2.5,2015,serve,,,,,
21,Gael Monfils,279.7,64.1%,73.6%,51.7%,84.4%,8.9,3.0,2015,serve,,,,,
22,Simone Bolelli,279.4,66.1%,72.1%,54.5%,84.1%,4.2,1.6,2015,serve,,,,,
23,Rafael Nadal,279.1,68.0%,71.7%,55.4%,83.3%,2.8,2.1,2015,serve,,,,,
24,Tomas Berdych,278.6,56.4%,77.4%,54.5%,84.9%,7.4,2.0,2015,serve,,,,,
25,Fernando Verdasco,277.9,64.6%,73.8%,52.2%,83.7%,7.7,4.1,2015,serve,,,,,
26,Andy Murray,277.8,61.9%,75.2%,52.2%,84.0%,6.7,2.2,2015,serve,,,,,
27,Roberto Bautista Agut,277.3,64.9%,71.7%,55.7%,83.1%,3.8,1.9,2015,serve,,,,,
28,Kei Nishikori,277.3,59.9%,74.8%,54.7%,85.8%,4.6,2.5,2015,serve,,,,,
29,Philipp Kohlschreiber,277.0,63.0%,71.6%,56.6%,82.0%,5.3,1.5,2015,serve,,,,,
30,Viktor Troicki,276.4,63.4%,74.2%,50.0%,80.8%,10.0,2.0,2015,serve,,,,,
31,Grigor Dimitrov,276.0,62.0%,75.2%,51.7%,82.6%,7.3,2.8,2015,serve,,,,,
32,Dominic Thiem,273.9,57.0%,74.7%,54.8%,83.8%,5.9,2.3,2015,serve,,,,,
33,Jeremy Chardy,273.3,62.2%,74.7%,51.3%,81.9%,7.5,4.3,2015,serve,,,,,
34,Jiri Vesely,272.8,64.8%,72.1%,51.7%,80.4%,6.8,3.0,2015,serve,,,,,
35,Jerzy Janowicz,271.8,65.7%,72.5%,47.7%,81.1%,9.3,4.5,2015,serve,,,,,
36,Alexandr Dolgopolov,270.2,59.0%,74.1%,51.8%,81.1%,7.0,2.8,2015,serve,,,,,
37,Denis Istomin,270.0,63.7%,72.0%,50.8%,79.2%,5.6,1.3,2015,serve,,,,,
38,Sergiy Stakhovsky,269.2,61.9%,71.7%,50.6%,80.9%,6.5,2.4,2015,serve,,,,,
39,Jack Sock,268.9,56.8%,75.2%,52.9%,83.2%,5.9,5.1,2015,serve,,,,,
40,David Ferrer,265.5,62.4%,70.1%,53.7%,80.0%,2.2,2.9,2015,serve,,,,,
41,Nicolas Almagro,265.4,57.2%,73.4%,50.6%,79.6%,7.6,3.0,2015,serve,,,,,
42,Pablo Cuevas,265.2,60.1%,70.3%,51.9%,79.9%,5.8,2.8,2015,serve,,,,,
43,Ricardas Berankis,264.5,57.3%,72.2%,53.0%,80.4%,5.4,3.8,2015,serve,,,,,
44,Marcos Baghdatis,264.3,54.5%,74.6%,51.1%,79.9%,7.8,3.6,2015,serve,,,,,
45,Adrian Mannarino,264.3,61.4%,70.8%,52.1%,78.1%,4.4,2.5,2015,serve,,,,,
46,Juan Monaco,263.9,72.7%,63.7%,52.6%,74.2%,2.1,1.4,2015,serve,,,,,
47,Tommy Robredo,263.7,62.7%,70.4%,51.4%,77.5%,3.7,2.0,2015,serve,,,,,
48,Pablo Carreno Busta,263.6,60.3%,69.4%,52.0%,78.5%,5.3,1.9,2015,serve,,,,,
49,Albert Ramos-Vinolas,263.5,63.4%,67.9%,53.5%,77.3%,3.6,2.2,2015,serve,,,,,
50,Thomaz Bellucci,263.1,58.3%,71.6%,52.0%,78.8%,5.9,3.5,2015,serve,,,,,
1,Novak Djokovic,,,,,,,,2015,return,169.2,33.6%,57.0%,34.4%,44.2%
2,David Ferrer,,,,,,,,2015,return,167.5,34.5%,55.2%,33.6%,44.2%
3,Gilles Simon,,,,,,,,2015,return,164.4,31.2%,55.4%,30.5%,47.3%
4,Andy Murray,,,,,,,,2015,return,163.9,32.7%,55.5%,31.1%,44.6%
5,Rafael Nadal,,,,,,,,2015,return,159.9,33.0%,53.4%,31.0%,42.5%
6,Juan Monaco,,,,,,,,2015,return,156.1,32.0%,52.4%,29.8%,41.9%
7,Tomas Berdych,,,,,,,,2015,return,155.8,29.8%,54.4%,25.7%,45.9%
8,Diego Schwartzman,,,,,,,,2015,return,153.4,30.8%,51.6%,27.2%,43.8%
9,Benoit Paire,,,,,,,,2015,return,152.8,32.6%,49.6%,25.3%,45.3%
10,Guillermo Garcia-Lopez,,,,,,,,2015,return,152.7,30.4%,52.3%,26.3%,43.7%
11,Fabio Fognini,,,,,,,,2015,return,151.7,31.7%,50.8%,27.4%,41.8%
12,Roger Federer,,,,,,,,2015,return,151.5,33.0%,50.3%,27.3%,40.9%
13,David Goffin,,,,,,,,2015,return,150.8,31.8%,52.6%,27.6%,38.8%
14,Roberto Carballes Baena,,,,,,,,2015,return,150.4,25.4%,51.2%,20.0%,53.8%
15,Kei Nishikori,,,,,,,,2015,return,150.2,30.2%,53.6%,26.6%,39.8%
16,Pablo Andujar,,,,,,,,2015,return,149.4,30.3%,52.6%,24.9%,41.6%
17,Philipp Kohlschreiber,,,,,,,,2015,return,148.6,30.2%,50.7%,25.0%,42.7%
18,Andreas Seppi,,,,,,,,2015,return,146.6,28.0%,53.0%,23.6%,42.0%
19,Roberto Bautista Agut,,,,,,,,2015,return,146.5,28.8%,50.8%,23.2%,43.7%
20,Marcos Baghdatis,,,,,,,,2015,return,145.3,28.2%,52.0%,23.3%,41.8%
21,Taylor Fritz,,,,,,,,2015,return,144.4,25.7%,55.2%,23.5%,40.0%
22,Alexandr Dolgopolov,,,,,,,,2015,return,143.9,29.6%,50.6%,22.3%,41.4%
23,Gael Monfils,,,,,,,,2015,return,143.4,30.6%,49.8%,22.3%,40.7%
24,Richard Gasquet,,,,,,,,2015,return,142.5,28.8%,50.4%,22.5%,40.8%
25,Pablo Cuevas,,,,,,,,2015,return,142.1,29.7%,47.2%,21.9%,43.3%
26,Tommy Robredo,,,,,,,,2015,return,142.0,29.6%,47.3%,23.0%,42.1%
27,Jack Sock,,,,,,,,2015,return,141.6,27.9%,46.8%,22.4%,44.5%
28,Federico Delbonis,,,,,,,,2015,return,141.3,29.3%,49.9%,21.7%,40.4%
29,Adrian Mannarino,,,,,,,,2015,return,141.3,28.8%,50.1%,23.1%,39.3%
30,Mikhail Kukushkin,,,,,,,,2015,return,141.1,25.7%,50.9%,21.0%,43.5%
31,Donald Young,,,,,,,,2015,return,140.8,28.2%,50.9%,23.3%,38.4%
32,Thomaz Bellucci,,,,,,,,2015,return,139.7,29.5%,50.9%,21.4%,37.9%
33,Joao Sousa,,,,,,,,2015,return,139.0,29.3%,49.3%,21.8%,38.6%
34,Pablo Carreno Busta,,,,,,,,2015,return,138.2,28.6%,49.9%,21.0%,38.7%
35,Yen-Hsun Lu,,,,,,,,2015,return,138.0,27.8%,49.9%,20.9%,39.4%
36,Viktor Troicki,,,,,,,,2015,return,137.7,28.8%,48.7%,21.0%,39.2%
37,Aljaz Bedene,,,,,,,,2015,return,137.2,26.1%,50.0%,19.9%,41.2%
38,Stan Wawrinka,,,,,,,,2015,return,137.2,28.3%,49.1%,21.4%,38.4%
39,Tommy Paul,,,,,,,,2015,return,136.8,26.2%,46.3%,21.4%,42.9%
40,Dusan Lajovic,,,,,,,,2015,return,136.5,27.7%,49.4%,22.0%,37.4%
41,Jiri Vesely,,,,,,,,2015,return,136.5,28.1%,47.1%,19.6%,41.7%
42,Grigor Dimitrov,,,,,,,,2015,return,136.4,29.1%,49.5%,21.0%,36.8%
43,Santiago Giraldo,,,,,,,,2015,return,136.0,28.2%,49.2%,21.6%,37.0%
44,Jeremy Chardy,,,,,,,,2015,return,135.7,26.7%,49.5%,19.1%,40.4%
45,Marcel Granollers,,,,,,,,2015,return,135.7,27.7%,48.2%,20.7%,39.1%
46,Denis Istomin,,,,,,,,2015,return,135.7,27.6%,49.6%,19.6%,38.9%
47,Jo-Wilfried Tsonga,,,,,,,,2015,return,135.2,29.3%,48.0%,20.4%,37.5%
48,Alexander Zverev,,,,,,,,2015,return,135.0,24.4%,48.5%,18.4%,43.7%
49,Marin Cilic,,,,,,,,2015,return,134.0,28.2%,49.8%,18.4%,37.6%
50,Zhizhen Zhang,,,,,,,,2015,return,133.7,28.6%,42.9%,22.2%,40.0%
1,Ivo Karlovic,313.7,66.8%,84.1%,54.4%,92.7%,18.5,2.8,2014,serve,,,,,
2,John Isner,313.1,68.2%,78.8%,57.4%,93.1%,17.4,1.8,2014,serve,,,,,
3,Milos Raonic,301.4,61.4%,82.6%,54.0%,90.0%,16.5,3.1,2014,serve,,,,,
4,Roger Federer,297.4,63.8%,78.6%,57.8%,90.7%,8.0,1.5,2014,serve,,,,,
5,Andrey Rublev,294.6,63.4%,77.8%,57.7%,91.7%,4.0,0.0,2014,serve,,,,,
6,Novak Djokovic,290.5,66.7%,75.0%,56.4%,87.7%,6.2,1.5,2014,serve,,,,,
7,Sam Querrey,289.7,60.7%,79.1%,51.6%,86.7%,14.4,2.8,2014,serve,,,,,
8,Bernard Tomic,289.4,67.1%,74.6%,54.2%,85.3%,9.3,1.1,2014,serve,,,,,
9,Jo-Wilfried Tsonga,289.1,61.8%,77.1%,54.5%,87.3%,10.7,2.3,2014,serve,,,,,
10,Kevin Anderson,287.1,66.0%,75.4%,51.0%,85.9%,11.7,2.9,2014,serve,,,,,
11,Rafael Nadal,284.7,70.2%,72.2%,55.4%,85.3%,3.1,1.5,2014,serve,,,,,
12,Feliciano Lopez,283.8,60.0%,77.7%,52.9%,86.3%,10.0,3.1,2014,serve,,,,,
13,Grigor Dimitrov,282.8,60.7%,77.4%,53.6%,86.5%,7.8,3.2,2014,serve,,,,,
14,Richard Gasquet,281.9,65.4%,72.8%,56.1%,83.5%,5.8,1.7,2014,serve,,,,,
15,Tomas Berdych,281.6,57.6%,78.3%,53.8%,86.3%,8.2,2.6,2014,serve,,,,,
16,Ernests Gulbis,280.4,60.2%,78.0%,50.5%,84.9%,10.5,3.7,2014,serve,,,,,
17,Stan Wawrinka,280.4,55.5%,78.8%,54.3%,85.9%,8.6,2.7,2014,serve,,,,,
18,Tommy Robredo,279.7,64.3%,73.7%,54.0%,84.6%,5.1,2.0,2014,serve,,,,,
19,Marin Cilic,278.5,56.7%,78.9%,50.4%,84.9%,10.4,2.8,2014,serve,,,,,
20,Denis Istomin,278.1,68.1%,72.0%,51.0%,81.6%,7.0,1.6,2014,serve,,,,,
21,Jack Sock,277.7,58.9%,76.0%,54.1%,86.2%,6.4,3.9,2014,serve,,,,,
22,Philipp Kohlschreiber,277.1,59.4%,73.3%,56.0%,84.3%,5.7,1.6,2014,serve,,,,,
23,Steve Johnson,276.3,59.1%,75.4%,51.7%,84.4%,8.2,2.5,2014,serve,,,,,
24,Gael Monfils,275.2,64.7%,73.4%,50.3%,82.3%,8.6,4.1,2014,serve,,,,,
25,Vasek Pospisil,275.2,59.3%,75.3%,51.9%,83.2%,9.3,3.8,2014,serve,,,,,
26,Roberto Bautista Agut,273.3,69.0%,69.6%,52.9%,81.1%,2.7,2.0,2014,serve,,,,,
27,Leonardo Mayer,273.3,60.0%,74.9%,53.5%,82.4%,6.6,4.1,2014,serve,,,,,
28,Kei Nishikori,272.9,60.4%,73.4%,53.7%,83.9%,4.3,2.8,2014,serve,,,,,
29,Julien Benneteau,272.8,64.2%,72.4%,49.9%,81.6%,7.6,2.9,2014,serve,,,,,
30,Jeremy Chardy,272.3,58.9%,76.6%,50.1%,82.2%,8.5,4.0,2014,serve,,,,,
31,Edouard Roger-Vasselin,271.4,66.6%,70.1%,51.1%,81.6%,4.3,2.3,2014,serve,,,,,
32,Fernando Verdasco,271.4,65.9%,71.7%,50.9%,81.9%,5.7,4.7,2014,serve,,,,,
33,Alexandr Dolgopolov,270.4,55.1%,75.5%,51.9%,81.5%,8.5,2.1,2014,serve,,,,,
34,Ivan Dodig,269.0,58.7%,75.4%,49.1%,80.7%,8.5,3.4,2014,serve,,,,,
35,Federico Delbonis,268.6,62.2%,70.9%,53.3%,80.7%,4.1,2.6,2014,serve,,,,,
36,Andy Murray,268.6,59.7%,73.9%,50.9%,80.8%,6.0,2.7,2014,serve,,,,,
37,Yen-Hsun Lu,267.9,64.0%,70.9%,52.4%,79.8%,3.8,3.0,2014,serve,,,,,
38,Nicolas Mahut,267.5,60.7%,72.6%,49.9%,80.0%,7.7,3.4,2014,serve,,,,,
39,Jan-Lennard Struff,266.6,58.5%,73.6%,50.5%,80.1%,6.2,2.3,2014,serve,,,,,
40,Sergiy Stakhovsky,266.5,63.7%,72.9%,47.3%,79.7%,6.3,3.4,2014,serve,,,,,
41,Jiri Vesely,265.7,62.7%,71.4%,51.6%,78.4%,5.7,4.1,2014,serve,,,,,
42,Benjamin Becker,264.6,58.6%,73.9%,49.4%,79.4%,6.2,2.9,2014,serve,,,,,
43,Radek Stepanek,264.0,59.8%,72.3%,50.5%,79.0%,5.8,3.4,2014,serve,,,,,
44,Santiago Giraldo,263.4,63.4%,69.8%,50.0%,77.9%,3.7,1.4,2014,serve,,,,,
45,David Ferrer,262.8,63.0%,69.0%,52.4%,78.7%,2.2,2.5,2014,serve,,,,,
46,Dmitry Tursunov,262.0,61.1%,69.0%,50.9%,78.5%,5.6,3.1,2014,serve,,,,,
47,Juan Monaco,261.2,69.9%,64.1%,53.5%,73.4%,1.9,1.6,2014,serve,,,,,
48,David Goffin,261.1,55.7%,73.1%,51.2%,78.6%,6.1,3.6,2014,serve,,,,,
49,Jerzy Janowicz,261.1,60.0%,73.6%,47.1%,78.5%,8.6,6.7,2014,serve,,,,,
50,Jarkko Nieminen,261.1,64.8%,70.1%,49.0%,76.6%,3.2,2.6,2014,serve,,,,,
1,Roberto Carballes Baena,,,,,,,,2014,return,177.6,33.1%,55.0%,35.2%,54.3%
2,Rafael Nadal,,,,,,,,2014,return,174.7,35.0%,56.3%,35.0%,48.4%
3,Novak Djokovic,,,,,,,,2014,return,169.1,32.8%,57.6%,33.3%,45.4%
4,David Ferrer,,,,,,,,2014,return,165.6,34.1%,55.7%,32.8%,43.0%
5,Andy Murray,,,,,,,,2014,return,164.1,33.4%,55.0%,31.9%,43.8%
6,Pablo Andujar,,,,,,,,2014,return,155.5,31.8%,53.0%,29.0%,41.7%
7,Juan Monaco,,,,,,,,2014,return,155.4,31.5%,52.5%,28.8%,42.6%
8,Lleyton Hewitt,,,,,,,,2014,return,154.0,29.9%,53.9%,26.7%,43.5%
9,Gilles Simon,,,,,,,,2014,return,154.0,30.5%,52.5%,25.8%,45.2%
10,Kei Nishikori,,,,,,,,2014,return,152.9,30.0%,53.4%,27.6%,41.9%
11,Carlos Berlocq,,,,,,,,2014,return,152.8,31.7%,52.2%,27.2%,41.7%
12,Roberto Bautista Agut,,,,,,,,2014,return,152.8,31.1%,52.5%,26.2%,43.0%
13,Fabio Fognini,,,,,,,,2014,return,152.5,31.6%,51.0%,27.3%,42.6%
14,Gael Monfils,,,,,,,,2014,return,150.5,33.5%,50.1%,27.1%,39.8%
15,Albert Ramos-Vinolas,,,,,,,,2014,return,150.4,31.0%,49.5%,24.5%,45.4%
16,Adrian Mannarino,,,,,,,,2014,return,150.2,28.8%,51.4%,25.2%,44.8%
17,David Goffin,,,,,,,,2014,return,149.4,29.1%,52.9%,26.6%,40.8%
18,Guillermo Garcia-Lopez,,,,,,,,2014,return,148.7,32.3%,50.3%,25.9%,40.2%
19,Roger Federer,,,,,,,,2014,return,148.5,32.1%,50.9%,26.1%,39.4%
20,Tomas Berdych,,,,,,,,2014,return,148.1,29.7%,53.7%,25.3%,39.4%
21,Martin Klizan,,,,,,,,2014,return,147.3,29.4%,52.0%,24.3%,41.6%
22,Dudi Sela,,,,,,,,2014,return,147.1,29.5%,51.5%,24.2%,41.9%
23,Teymuraz Gabashvili,,,,,,,,2014,return,145.8,29.2%,51.6%,23.8%,41.2%
24,Philipp Kohlschreiber,,,,,,,,2014,return,145.7,29.5%,50.0%,23.2%,43.0%
25,Mikhail Youzhny,,,,,,,,2014,return,144.3,30.2%,50.0%,24.2%,39.9%
26,Grigor Dimitrov,,,,,,,,2014,return,144.1,29.4%,50.2%,22.2%,42.3%
27,Santiago Giraldo,,,,,,,,2014,return,144.0,29.6%,49.1%,23.0%,42.3%
28,Radek Stepanek,,,,,,,,2014,return,143.8,29.8%,51.1%,23.1%,39.8%
29,Stan Wawrinka,,,,,,,,2014,return,143.6,29.0%,50.2%,22.4%,42.0%
30,Dmitry Tursunov,,,,,,,,2014,return,142.1,26.5%,49.2%,20.3%,46.1%
31,Pablo Carreno Busta,,,,,,,,2014,return,141.4,28.5%,50.0%,22.0%,40.9%
32,Marcel Granollers,,,,,,,,2014,return,141.3,29.4%,49.0%,22.5%,40.4%
33,Alexandr Dolgopolov,,,,,,,,2014,return,141.2,29.8%,50.9%,22.6%,37.9%
34,Donald Young,,,,,,,,2014,return,140.8,29.6%,50.4%,22.0%,38.8%
35,Ernests Gulbis,,,,,,,,2014,return,140.3,28.7%,49.9%,21.3%,40.4%
36,Marin Cilic,,,,,,,,2014,return,139.8,30.0%,50.0%,22.2%,37.6%
37,Fernando Verdasco,,,,,,,,2014,return,139.5,30.1%,48.8%,21.8%,38.8%
38,Yen-Hsun Lu,,,,,,,,2014,return,138.8,25.8%,51.1%,20.7%,41.2%
39,Jurgen Melzer,,,,,,,,2014,return,138.4,28.8%,50.0%,21.9%,37.7%
40,Dominic Thiem,,,,,,,,2014,return,138.3,29.3%,49.9%,22.2%,36.9%
41,Daniel Gimeno-Traver,,,,,,,,2014,return,137.5,29.6%,47.2%,21.6%,39.1%
42,Andreas Seppi,,,,,,,,2014,return,137.5,30.6%,48.9%,21.5%,36.5%
43,Richard Gasquet,,,,,,,,2014,return,136.8,28.1%,49.6%,20.8%,38.3%
44,Igor Sijsling,,,,,,,,2014,return,136.8,27.1%,50.0%,20.0%,39.7%
45,Mikhail Kukushkin,,,,,,,,2014,return,136.6,26.8%,51.2%,21.9%,36.7%
46,Andrey Golubev,,,,,,,,2014,return,136.4,27.7%,45.3%,19.2%,44.2%
47,Jarkko Nieminen,,,,,,,,2014,return,136.1,25.9%,51.7%,20.4%,38.1%
48,Marinko Matosevic,,,,,,,,2014,return,136.0,27.9%,50.4%,19.9%,37.8%
49,Tommy Robredo,,,,,,,,2014,return,135.6,28.8%,49.0%,20.5%,37.3%
50,Alexander Zverev,,,,,,,,2014,return,135.5,30.6%,48.0%,24.0%,32.9%
